change,prestashop_product_id,shobi_name,reference,fields
MODIFIED,106,390-ACQ,MP006,price_from_eur
MODIFIED,107,1004-ACQ MP,MP007,price_from_eur
MODIFIED,108,1005-ACQ MP,MP008,price_from_eur
MODIFIED,109,1007-ACQ MP,MP009,price_from_eur
MODIFIED,110,1008-ACQ MP,MP010,price_from_eur
MODIFIED,111,1009-ACQ MP,MP011,price_from_eur
MODIFIED,112,1010-ACQ MP,MP012,price_from_eur
MODIFIED,113,1011-ARA MP,MP013,price_from_eur
MODIFIED,114,1012-ARA MP,MP014,price_from_eur
MODIFIED,115,1013-ARA MP,MP015,price_from_eur
MODIFIED,116,1014-AZZ M,MP016,price_from_eur
MODIFIED,117,1015-AZZ M,MP017,price_from_eur
MODIFIED,118,1016-AZZ M,MP018,price_from_eur
MODIFIED,119,1018-AZZ M,MP019,price_from_eur
MODIFIED,120,1019-AZZ M,MP020,price_from_eur
MODIFIED,121,1020-AZZ M,MP021,price_from_eur
MODIFIED,122,1021-BOG MP,MP022,price_from_eur
MODIFIED,123,1022-BOT MP,MP023,price_from_eur
MODIFIED,124,1023-BOT MP,MP024,price_from_eur
MODIFIED,125,1024-BOU MP,MP025,price_from_eur
MODIFIED,126,1025-BRB MP,MP026,price_from_eur
MODIFIED,127,1026-BRB MP,MP027,price_from_eur
MODIFIED,128,1027-BRB MP,MP028,price_from_eur
MODIFIED,129,1028-BRB MP,MP029,price_from_eur
MODIFIED,130,1029-BRB MP,MP030,price_from_eur
MODIFIED,131,1030-BRB MP,MP031,price_from_eur
MODIFIED,132,1031-BRB MP,MP032,price_from_eur
MODIFIED,133,1032-BRB MP,MP033,price_from_eur
MODIFIED,134,1033-BRB MP,MP034,price_from_eur
MODIFIED,135,1034-BLG MP,MP035,price_from_eur
MODIFIED,136,1035-BLG MP,MP036,price_from_eur
MODIFIED,137,1036-BLG MP,MP037,price_from_eur
MODIFIED,138,1038-BLG MP,MP038,price_from_eur
MODIFIED,139,1039-BLG MP,MP039,price_from_eur
MODIFIED,140,1040-BLG MP,MP040,price_from_eur
MODIFIED,141,1041-BLG MP,MP041,price_from_eur
MODIFIED,142,1042-CAC M,MP042,price_from_eur
MODIFIED,143,1043-CAL MP,MP043,price_from_eur
MODIFIED,145,1045-CAL MP,MP045,price_from_eur
MODIFIED,146,1047-CAL MP,MP046,price_from_eur
MODIFIED,147,1048-CAL M,MP047,price_from_eur
MODIFIED,148,1049-CAL MP,MP048,price_from_eur
MODIFIED,149,1050-CAL MP,MP049,price_from_eur
MODIFIED,150,1051-CAL MP,MP050,price_from_eur
MODIFIED,151,476-CAL,MP051,price_from_eur
MODIFIED,152,1054-CAR M,MP052,price_from_eur
MODIFIED,153,1055-CAR M,MP053,price_from_eur
MODIFIED,154,1056-CAR M,MP054,price_from_eur
MODIFIED,155,1057-CAR MP,MP055,price_from_eur
MODIFIED,156,1059-CRT MP,MP056,price_from_eur
MODIFIED,157,1060-CRT MP,MP057,price_from_eur
MODIFIED,158,1061-CRT MP,MP058,price_from_eur
MODIFIED,159,1062-CRT MP,MP059,price_from_eur
MODIFIED,160,1063-CER MP,MP060,price_from_eur
MODIFIED,161,1064-CHA M,MP061,price_from_eur
MODIFIED,162,1065-CHA M,MP062,price_from_eur
MODIFIED,163,1066-CHA M,MP063,price_from_eur
MODIFIED,164,1067-CHA M,MP064,price_from_eur
MODIFIED,165,1068-CHA M,MP065,price_from_eur
MODIFIED,166,1069-CHA M,MP066,price_from_eur
MODIFIED,167,1070-CHA M,MP067,price_from_eur
MODIFIED,168,1071-DRC M,MP068,price_from_eur
MODIFIED,169,1073-DRC M Perfume,MP069,price_from_eur
MODIFIED,170,1074-DRC M,MP070,price_from_eur
MODIFIED,171,1075-DRC M,MP071,price_from_eur
MODIFIED,172,1076 - DRC M,MP072,price_from_eur
MODIFIED,173,1077-DRC M,MP073,price_from_eur
MODIFIED,174,1078-DRC M,MP074,price_from_eur
MODIFIED,175,1079-DRC M Perfume,MP075,price_from_eur
MODIFIED,176,1080-DRC M,MP076,price_from_eur
MODIFIED,178,1082-DRC M,MP078,price_from_eur
MODIFIED,179,1083-DRC M,MP079,price_from_eur
MODIFIED,181,1085-DRC M,MP081,price_from_eur
MODIFIED,182,1086-CLI MP,MP082,price_from_eur
MODIFIED,183,1087-COM MP,MP083,price_from_eur
MODIFIED,184,1089-COM MP,MP084,price_from_eur
MODIFIED,185,1092-DOL,MP085,price_from_eur
MODIFIED,186,1093-DOL MP,MP086,price_from_eur
MODIFIED,187,1095-DOL M,MP087,price_from_eur
MODIFIED,188,1096-DOL M,MP088,price_from_eur
MODIFIED,190,1098-DOL M,MP090,price_from_eur
MODIFIED,191,1099-DOL MP,MP091,price_from_eur
MODIFIED,192,1101-DOL MP,MP092,price_from_eur
MODIFIED,193,1102-DAV MP,MP093,price_from_eur
MODIFIED,194,1103-DAV MP,MP094,price_from_eur
MODIFIED,195,1104-DAV MP,MP095,price_from_eur
MODIFIED,196,1105-DAV MP,MP096,price_from_eur
MODIFIED,197,1106-DAV MP,MP097,price_from_eur
MODIFIED,198,1107-DIE M,MP098,price_from_eur
MODIFIED,199,1108-DIE M,MP099,price_from_eur
MODIFIED,200,1109-DIE M,MP100,price_from_eur
MODIFIED,201,1110-DSQ MP,MP101,price_from_eur
MODIFIED,202,1111-DSQ MP,MP102,price_from_eur
MODIFIED,203,1112-DSQ MP,MP103,price_from_eur
MODIFIED,204,1113-DSQ MP,MP104,price_from_eur
MODIFIED,205,1114-DUN MP,MP105,price_from_eur
MODIFIED,206,1135-ARM M,MP106,price_from_eur
MODIFIED,207,1137-ARM M,MP107,price_from_eur
MODIFIED,208,1115-ZEG MP,MP108,price_from_eur
MODIFIED,209,1116-ZEG MP,MP109,price_from_eur
MODIFIED,210,1117-EST MP,MP110,price_from_eur
MODIFIED,211,1118-FAB MP,MP111,price_from_eur
MODIFIED,212,1119-FEN MP,MP112,price_from_eur
MODIFIED,213,1120-FER MP,MP113,price_from_eur
MODIFIED,215,1122-GFE MP,MP115,price_from_eur
MODIFIED,216,1123-ARM M,MP116,price_from_eur
MODIFIED,217,1124-ARM M,MP117,price_from_eur
MODIFIED,218,1125-ARM M,MP118,price_from_eur
MODIFIED,220,1128-ARM M,MP120,price_from_eur
MODIFIED,221,1129-ARM M,MP121,price_from_eur
MODIFIED,222,1130-ARM M,MP122,price_from_eur
MODIFIED,223,1131-ARM M,MP123,price_from_eur
MODIFIED,224,1132-ARM M,MP124,price_from_eur
MODIFIED,225,1133-ARM M,MP125,price_from_eur
MODIFIED,226,1134-ARM M,MP126,price_from_eur
MODIFIED,227,1136-ARM M,MP127,price_from_eur
MODIFIED,228,1138-GIV M,MP128,price_from_eur
MODIFIED,229,1139-GIV M,MP129,price_from_eur
MODIFIED,230,1140-GIV M,MP130,price_from_eur
MODIFIED,231,1141-GIV M,MP131,price_from_eur
MODIFIED,232,1142-GIV M,MP132,price_from_eur
MODIFIED,233,1143-GUC MP,MP133,price_from_eur
MODIFIED,234,1144-GUC MP,MP134,price_from_eur
MODIFIED,236,1146-GUC MP,MP136,price_from_eur
MODIFIED,237,1147-GUC MP,MP137,price_from_eur
MODIFIED,238,1148-GUC MP,MP138,price_from_eur
MODIFIED,239,1149-GUR M,MP139,price_from_eur
MODIFIED,240,1150-GLA MP,MP140,price_from_eur
MODIFIED,241,1151-HAL MP,MP141,price_from_eur
MODIFIED,242,1152-HER M,MP142,price_from_eur
MODIFIED,243,1153-HER M,MP143,price_from_eur
MODIFIED,244,1154-HER M,MP144,price_from_eur
MODIFIED,245,1155-HER M,MP145,price_from_eur
MODIFIED,246,1156-HER M,MP146,price_from_eur
MODIFIED,247,1158-HER M,MP147,price_from_eur
MODIFIED,248,1159-HUG MP,MP148,price_from_eur
MODIFIED,249,1160-HUG MP,MP149,price_from_eur
MODIFIED,250,1162-HUG MP,MP150,price_from_eur
MODIFIED,251,1163-HUG MP,MP151,price_from_eur
MODIFIED,252,1164-HUG MP,MP152,price_from_eur
MODIFIED,253,1165-HUG MP,MP153,price_from_eur
MODIFIED,254,1166-HUG MP,MP154,price_from_eur
MODIFIED,255,1168-HUG MP,MP155,price_from_eur
MODIFIED,256,1169-HUG MP,MP156,price_from_eur
MODIFIED,258,1171-HUG MP,MP158,price_from_eur
MODIFIED,259,1172-ISS MP,MP159,price_from_eur
MODIFIED,260,1173-ISS MP,MP160,price_from_eur
MODIFIED,261,1174-JAC MP,MP161,price_from_eur
MODIFIED,263,1175-JAC MP,MP163,price_from_eur
MODIFIED,264,1176-GUL MP,MP164,price_from_eur
MODIFIED,265,1177-GUL MP,MP165,price_from_eur
MODIFIED,266,1179-GUL MP,MP166,price_from_eur
MODIFIED,267,1180-GUL MP,MP167,price_from_eur
MODIFIED,268,1181-GUL MP,MP168,price_from_eur
MODIFIED,269,1182-JIM MP,MP169,price_from_eur
MODIFIED,270,1183-VAR MP,MP170,price_from_eur
MODIFIED,271,1184-JOO MP,MP171,price_from_eur
MODIFIED,272,1185-JOO MP,MP172,price_from_eur
MODIFIED,273,1186-JOO MP,MP173,price_from_eur
MODIFIED,274,1189-KEN M,MP174,price_from_eur
MODIFIED,275,1190-KEN M,MP175,price_from_eur
MODIFIED,276,1191-KEN MP,MP176,price_from_eur
MODIFIED,277,1192-KEN MP,MP177,price_from_eur
MODIFIED,278,1193-KEN MP,MP178,price_from_eur
MODIFIED,280,769-LART MP,MP180,price_from_eur
MODIFIED,282,1197-LAC M,MP182,price_from_eur
MODIFIED,283,1198-LAL MP,MP183,price_from_eur
MODIFIED,284,777-LAL WP,MP184,price_from_eur
MODIFIED,285,1200-LAN M,MP185,price_from_eur
MODIFIED,286,1202-LOE MP,MP186,price_from_eur
MODIFIED,288,1204-LOE MP,MP188,price_from_eur
MODIFIED,289,1206-MAR MP,MP189,price_from_eur
MODIFIED,290,1207-MIC M,MP190,price_from_eur
MODIFIED,291,1208-MNTB MP,MP191,price_from_eur
MODIFIED,292,1210-MNTB MP,MP192,price_from_eur
MODIFIED,293,1211-MNTB MP,MP193,price_from_eur
MODIFIED,294,1212-MNTB MP,MP194,price_from_eur
MODIFIED,295,1213-MNTB MP,MP195,price_from_eur
MODIFIED,296,1214-MNTB MP,MP196,price_from_eur
MODIFIED,297,1215-MNTB MP,MP197,price_from_eur
MODIFIED,298,1216-MNTB,MP198,price_from_eur
MODIFIED,299,1218-MOS MP,MP199,price_from_eur
MODIFIED,300,1219-MOS MP,MP200,price_from_eur
MODIFIED,302,1221-MOS MP,MP202,price_from_eur
MODIFIED,303,1222-NRO MP,MP203,price_from_eur
MODIFIED,304,1223-NRO MP,MP204,price_from_eur
MODIFIED,305,1224-APO M,MP205,price_from_eur
MODIFIED,306,1225-PAC M,MP206,price_from_eur
MODIFIED,307,1226-PAC MP,MP207,price_from_eur
MODIFIED,308,1227-PAC MP,MP208,price_from_eur
MODIFIED,309,1229-PAC MP,MP209,price_from_eur
MODIFIED,310,1231-PAC MP,MP210,price_from_eur
MODIFIED,311,1232-PAC M,MP211,price_from_eur
MODIFIED,312,1233-PAC MP,MP212,price_from_eur
MODIFIED,313,1235-PAC MP,MP213,price_from_eur
MODIFIED,314,1237-PIN MP,MP214,price_from_eur
MODIFIED,315,1238-PRA MP,MP215,price_from_eur
MODIFIED,316,880-PRA MP,MP216,price_from_eur
MODIFIED,317,1240-PRA MP,MP217,price_from_eur
MODIFIED,318,1241-PRA MP,MP218,price_from_eur
MODIFIED,319,1242-PRA MP,MP219,price_from_eur
MODIFIED,320,1243-PRA MP,MP220,price_from_eur
MODIFIED,322,1245-PRA MP,MP222,price_from_eur
MODIFIED,323,1246-RAL M,MP223,price_from_eur
MODIFIED,324,1247-RAL M,MP224,price_from_eur
MODIFIED,325,1248-RAL M,MP225,price_from_eur
MODIFIED,326,1249-RAL M,MP226,price_from_eur
MODIFIED,327,1250-RAL M,MP227,price_from_eur
MODIFIED,328,1251-ROM MP,MP228,price_from_eur
MODIFIED,329,1252-RCAV MP,MP229,price_from_eur
MODIFIED,330,1253-RCAV MP,MP230,price_from_eur
MODIFIED,331,1254-RCAV MP,MP231,price_from_eur
MODIFIED,333,1256-ROC Μ,MP233,price_from_eur
MODIFIED,334,1257-SFER MP,MP234,price_from_eur
MODIFIED,335,1258-SFER MP,MP235,price_from_eur
MODIFIED,336,1259-SHU MP,MP236,price_from_eur
MODIFIED,337,1260-TMU M,MP237,price_from_eur
MODIFIED,338,1262-TMU M,MP238,price_from_eur
MODIFIED,339,1263-TRU MP,MP239,price_from_eur
MODIFIED,340,1264-TRU MP,MP240,price_from_eur
MODIFIED,341,1265-TRU MP,MP241,price_from_eur
MODIFIED,342,1266-TRU MP,MP242,price_from_eur
MODIFIED,343,1267-TRU MP,MP243,price_from_eur
MODIFIED,344,1268-VAL MP,MP244,price_from_eur
MODIFIED,345,1269-VAL MP,MP245,price_from_eur
MODIFIED,346,1270-VAN MP,MP246,price_from_eur
MODIFIED,347,1271-VAN MP,MP247,price_from_eur
MODIFIED,348,1272-VER M,MP248,price_from_eur
MODIFIED,349,1273-VER M,MP249,price_from_eur
MODIFIED,350,1274-VER M,MP250,price_from_eur
MODIFIED,351,1275-VER M,MP251,price_from_eur
MODIFIED,352,1276-VIC M,MP252,price_from_eur
MODIFIED,353,1277-YZLO M,MP253,price_from_eur
MODIFIED,354,1278-YZLO M,MP254,price_from_eur
MODIFIED,355,1279-YZLO M,MP255,price_from_eur
MODIFIED,356,1280-YZLO M,MP256,price_from_eur
MODIFIED,357,1281-YZLO M,MP257,price_from_eur
MODIFIED,358,1282-YZLO M,MP258,price_from_eur
MODIFIED,359,1283-YZLO M,MP259,price_from_eur
MODIFIED,360,1284-YZLO M,MP260,price_from_eur
MODIFIED,362,1286-YZLO M,MP262,price_from_eur
MODIFIED,363,1287-YZLO M,MP263,price_from_eur
MODIFIED,364,1289-YZLO M,MP264,price_from_eur
MODIFIED,365,1290-ZAD MP,MP265,price_from_eur
MODIFIED,501,1493-ACQ,WP001,price_from_eur
MODIFIED,502,390-ACQ,WP002,price_from_eur
MODIFIED,503,392-AER WP,WP003,price_from_eur
MODIFIED,504,393-AER WP,WP004,price_from_eur
MODIFIED,505,394-AGE WP,WP005,price_from_eur
MODIFIED,506,395-AGE WP,WP006,price_from_eur
MODIFIED,507,396-ANT WP,WP007,price_from_eur
MODIFIED,508,397-ANT WP,WP008,price_from_eur
MODIFIED,509,398-AQU WP,WP009,price_from_eur
MODIFIED,510,399-ARA WP,WP010,price_from_eur
MODIFIED,511,400-ARIA WP,WP011,price_from_eur
MODIFIED,512,403-BAL WP,WP012,price_from_eur
MODIFIED,513,404-BAL WP,WP013,price_from_eur
MODIFIED,514,405-BAL WP,WP014,price_from_eur
MODIFIED,515,406-BAL WP,WP015,price_from_eur
MODIFIED,516,407-BAT WP,WP016,price_from_eur
MODIFIED,517,409-BOB WP,WP017,price_from_eur
MODIFIED,518,411-BOD WP,WP018,price_from_eur
MODIFIED,519,413-BOT WP,WP019,price_from_eur
MODIFIED,520,414-BOT WP,WP020,price_from_eur
MODIFIED,521,415-BOU WP,WP021,price_from_eur
MODIFIED,522,416-BOU WP,WP022,price_from_eur
MODIFIED,523,417-BOUR WP,WP023,price_from_eur
MODIFIED,524,418-BRI WP,WP024,price_from_eur
MODIFIED,525,419-BRI WP,WP025,price_from_eur
MODIFIED,527,421-BRB WP,WP027,price_from_eur
MODIFIED,528,422-BRB WP,WP028,price_from_eur
MODIFIED,529,423-BRB WP,WP029,price_from_eur
MODIFIED,530,424-BRB WP,WP030,price_from_eur
MODIFIED,531,425-BRB WP,WP031,price_from_eur
MODIFIED,532,426-BRB WP,WP032,price_from_eur
MODIFIED,533,427-BRB WP,WP033,price_from_eur
MODIFIED,534,428-BRB WP,WP034,price_from_eur
MODIFIED,535,429-BRB W,WP035,price_from_eur
MODIFIED,536,430-BRB WP,WP036,price_from_eur
MODIFIED,537,431-BRB WP,WP037,price_from_eur
MODIFIED,538,1496-BRB WP,WP038,price_from_eur
MODIFIED,539,433-BRB WP,WP039,price_from_eur
MODIFIED,540,434-BRB WP,WP040,price_from_eur
MODIFIED,541,435-BLG WP,WP041,price_from_eur
MODIFIED,542,436-BLG WP,WP042,price_from_eur
MODIFIED,543,437-BLG WP,WP043,price_from_eur
MODIFIED,544,438-BLG WP,WP044,price_from_eur
MODIFIED,545,439-BLG WP,WP045,price_from_eur
MODIFIED,546,440-BLG WP,WP046,price_from_eur
MODIFIED,547,441-BLG WP,WP047,price_from_eur
MODIFIED,548,442-BLG WP,WP048,price_from_eur
MODIFIED,549,443-BLG WP,WP049,price_from_eur
MODIFIED,550,445-BLG WP,WP050,price_from_eur
MODIFIED,551,446-BLG WP,WP051,price_from_eur
MODIFIED,552,447-BLG WP,WP052,price_from_eur
MODIFIED,553,448-BLG WP,WP053,price_from_eur
MODIFIED,554,450-BYR WP,WP054,price_from_eur
MODIFIED,556,455-BYR WP,WP056,price_from_eur
MODIFIED,558,457-CAC W,WP058,price_from_eur
MODIFIED,559,458-CAC W,WP059,price_from_eur
MODIFIED,560,459-CAC W,WP060,price_from_eur
MODIFIED,561,460-CAC W,WP061,price_from_eur
MODIFIED,562,462-CAC W,WP062,price_from_eur
MODIFIED,563,463-CAC W,WP063,price_from_eur
MODIFIED,564,464-CAC W,WP064,price_from_eur
MODIFIED,565,465-CAL WP,WP065,price_from_eur
MODIFIED,566,467-CAL WP,WP066,price_from_eur
MODIFIED,567,468-CAL WP,WP067,price_from_eur
MODIFIED,568,469-CAL WP,WP068,price_from_eur
MODIFIED,569,470-CAL WP,WP069,price_from_eur
MODIFIED,570,472-CAL WP,WP070,price_from_eur
MODIFIED,571,473-CAL WP,WP071,price_from_eur
MODIFIED,572,474-CAL WP,WP072,price_from_eur
MODIFIED,573,475-CAL W,WP073,price_from_eur
MODIFIED,574,1052-CAL,WP074,price_from_eur
MODIFIED,575,477-CAL WP,WP075,price_from_eur
MODIFIED,576,478-CAL WP,WP076,price_from_eur
MODIFIED,577,480-CAR W,WP077,price_from_eur
MODIFIED,578,481-CAR W,WP078,price_from_eur
MODIFIED,579,482-CAR W,WP079,price_from_eur
MODIFIED,580,483-CAR WP,WP080,price_from_eur
MODIFIED,581,484-CAR W,WP081,price_from_eur
MODIFIED,582,485-CAR WP,WP082,price_from_eur
MODIFIED,583,487-CRT WP,WP083,price_from_eur
MODIFIED,584,488-CRT WP,WP084,price_from_eur
MODIFIED,585,489-CRT WP,WP085,price_from_eur
MODIFIED,588,492-CARV WP,WP088,price_from_eur
MODIFIED,589,493-CER W,WP089,price_from_eur
MODIFIED,590,494-CHA W,WP090,price_from_eur
MODIFIED,591,1068-CHA W,WP091,price_from_eur
MODIFIED,592,497-CHA W,WP092,price_from_eur
MODIFIED,593,498-CHA W,WP093,price_from_eur
MODIFIED,594,499-CHA,WP094,price_from_eur
MODIFIED,595,500-CHA W,WP095,price_from_eur
MODIFIED,596,501-CHA W,WP096,price_from_eur
MODIFIED,597,502-CHA W,WP097,price_from_eur
MODIFIED,598,503-CHA W,WP098,price_from_eur
MODIFIED,599,504-CHA W,WP099,price_from_eur
MODIFIED,600,505-CHA W,WP100,price_from_eur
MODIFIED,601,506-CHA W,WP101,price_from_eur
MODIFIED,602,507-CHA W,WP102,price_from_eur
MODIFIED,603,508-CHA W,WP103,price_from_eur
MODIFIED,604,509-CHA W,WP104,price_from_eur
MODIFIED,605,510-CHL WP,WP105,price_from_eur
MODIFIED,606,511-CHL WP,WP106,price_from_eur
MODIFIED,607,512-CHL WP,WP107,price_from_eur
MODIFIED,608,513-CHL WP,WP108,price_from_eur
MODIFIED,609,514-CHL WP,WP109,price_from_eur
MODIFIED,610,515-CHL WP,WP110,price_from_eur
MODIFIED,611,516-CHL WP,WP111,price_from_eur
MODIFIED,612,517-CHL WP,WP112,price_from_eur
MODIFIED,613,518-CHO WP,WP113,price_from_eur
MODIFIED,614,519-CHO WP,WP114,price_from_eur
MODIFIED,615,520-CHO WP,WP115,price_from_eur
MODIFIED,616,521-DRC W,WP116,price_from_eur
MODIFIED,617,524-DRC W,WP117,price_from_eur
MODIFIED,618,525-DRC W,WP118,price_from_eur
MODIFIED,619,526-DRC W,WP119,price_from_eur
MODIFIED,620,527-DRC W,WP120,price_from_eur
MODIFIED,621,528-DRC W,WP121,price_from_eur
MODIFIED,622,529-DRC W,WP122,price_from_eur
MODIFIED,623,530-DRC W,WP123,price_from_eur
MODIFIED,624,531-DRC W,WP124,price_from_eur
MODIFIED,625,532-DRC W,WP125,price_from_eur
MODIFIED,626,533-DRC W,WP126,price_from_eur
MODIFIED,627,534-DRC W,WP127,price_from_eur
MODIFIED,628,535-DRC W,WP128,price_from_eur
MODIFIED,629,536-DRC W,WP129,price_from_eur
MODIFIED,630,537-DRC W,WP130,price_from_eur
MODIFIED,631,540-DRC W,WP131,price_from_eur
MODIFIED,632,541-DRC W,WP132,price_from_eur
MODIFIED,633,542-DRC W,WP133,price_from_eur
MODIFIED,634,544-DRC W,WP134,price_from_eur
MODIFIED,635,545-CLI WP,WP135,price_from_eur
MODIFIED,636,546-CLI WP,WP136,price_from_eur
MODIFIED,637,547-CLI WP,WP137,price_from_eur
MODIFIED,638,548-CLI WP,WP138,price_from_eur
MODIFIED,639,549-CLI WP,WP139,price_from_eur
MODIFIED,640,550-COA WP,WP140,price_from_eur
MODIFIED,641,551-COUR WP,WP141,price_from_eur
MODIFIED,642,552-DOL WP,WP142,price_from_eur
MODIFIED,644,554-DOL WP,WP144,price_from_eur
MODIFIED,645,555-DOL WP,WP145,price_from_eur
MODIFIED,646,556-DOL WP,WP146,price_from_eur
MODIFIED,647,557-DOL W,WP147,price_from_eur
MODIFIED,648,558-DOL W,WP148,price_from_eur
MODIFIED,649,559-DOL W,WP149,price_from_eur
MODIFIED,650,560-DOL W,WP150,price_from_eur
MODIFIED,651,561-DOL WP,WP151,price_from_eur
MODIFIED,652,562-DOL WP,WP152,price_from_eur
MODIFIED,653,563-DOL WP,WP153,price_from_eur
MODIFIED,654,565-DOL WP,WP154,price_from_eur
MODIFIED,655,566-DOL WP,WP155,price_from_eur
MODIFIED,656,567-DOL WP,WP156,price_from_eur
MODIFIED,657,568-DOL WP,WP157,price_from_eur
MODIFIED,658,569-DOL W,WP158,price_from_eur
MODIFIED,659,570-DOL WP,WP159,price_from_eur
MODIFIED,660,571-DAV WP,WP160,price_from_eur
MODIFIED,661,572-DIE W Fragrance,WP161,price_from_eur
MODIFIED,662,573-DIE W,WP162,price_from_eur
MODIFIED,663,574-DON WP,WP163,price_from_eur
MODIFIED,664,575-DON WP,WP164,price_from_eur
MODIFIED,665,576-DON WP,WP165,price_from_eur
MODIFIED,666,577-DON WP,WP166,price_from_eur
MODIFIED,667,578-DON WP,WP167,price_from_eur
MODIFIED,668,579-DON WP,WP168,price_from_eur
MODIFIED,669,580-DON WP,WP169,price_from_eur
MODIFIED,670,581-DON WP,WP170,price_from_eur
MODIFIED,671,582-DON WP,WP171,price_from_eur
MODIFIED,673,584-DSQ WP,WP173,price_from_eur
MODIFIED,674,585-DSQ WP,WP174,price_from_eur
MODIFIED,675,586-DSQ WP,WP175,price_from_eur
MODIFIED,676,587-DSQ WP,WP176,price_from_eur
MODIFIED,677,588-ELI WP,WP177,price_from_eur
MODIFIED,678,590-ELIZ WP,WP178,price_from_eur
MODIFIED,679,591-ELIZ WP,WP179,price_from_eur
MODIFIED,680,592-ELIZ WP,WP180,price_from_eur
MODIFIED,681,593-ELZT WP,WP181,price_from_eur
MODIFIED,682,594-EMAN WP,WP182,price_from_eur
MODIFIED,683,595-EMIL WP,WP183,price_from_eur
MODIFIED,684,596-ESC WP,WP184,price_from_eur
MODIFIED,685,597-ESC WP,WP185,price_from_eur
MODIFIED,686,598-ESC WP,WP186,price_from_eur
MODIFIED,687,599-ESC WP,WP187,price_from_eur
MODIFIED,688,600-ESC WP,WP188,price_from_eur
MODIFIED,689,602-ESC WP,WP189,price_from_eur
MODIFIED,690,603-ESC WP,WP190,price_from_eur
MODIFIED,691,604-ESC WP,WP191,price_from_eur
MODIFIED,692,606-ESC WP,WP192,price_from_eur
MODIFIED,693,607-ESC WP,WP193,price_from_eur
MODIFIED,694,610-ESC WP,WP194,price_from_eur
MODIFIED,695,611-ESC WP,WP195,price_from_eur
MODIFIED,696,612-ESC WP,WP196,price_from_eur
MODIFIED,697,613-ESC WP,WP197,price_from_eur
MODIFIED,698,614-EST WP,WP198,price_from_eur
MODIFIED,699,616-EST WP,WP199,price_from_eur
MODIFIED,700,617-EST WP,WP200,price_from_eur
MODIFIED,701,618-EST WP,WP201,price_from_eur
MODIFIED,702,619-EST WP,WP202,price_from_eur
MODIFIED,703,620-EST WP,WP203,price_from_eur
MODIFIED,704,621-EST WP,WP204,price_from_eur
MODIFIED,705,622-EST WP,WP205,price_from_eur
MODIFIED,706,623-EST WP,WP206,price_from_eur
MODIFIED,707,624-EST WP,WP207,price_from_eur
MODIFIED,708,625-EST WP,WP208,price_from_eur
MODIFIED,709,626-EST WP,WP209,price_from_eur
MODIFIED,710,627-EST WP,WP210,price_from_eur
MODIFIED,711,628-EST WP,WP211,price_from_eur
MODIFIED,712,629-EST WP,WP212,price_from_eur
MODIFIED,713,630-EST WP,WP213,price_from_eur
MODIFIED,714,631-EST WP,WP214,price_from_eur
MODIFIED,715,632-EST WP,WP215,price_from_eur
MODIFIED,716,633-EST W,WP216,price_from_eur
MODIFIED,717,634-EST WP,WP217,price_from_eur
MODIFIED,718,635-EST WP,WP218,price_from_eur
MODIFIED,719,636-EST WP,WP219,price_from_eur
MODIFIED,720,638-EST WP,WP220,price_from_eur
MODIFIED,721,639-FEN WP,WP221,price_from_eur
MODIFIED,722,640-FEN WP,WP222,price_from_eur
MODIFIED,723,641-FRE WP,WP223,price_from_eur
MODIFIED,724,643-ARM W,WP224,price_from_eur
MODIFIED,725,644-ARM W,WP225,price_from_eur
MODIFIED,726,645-ARM W,WP226,price_from_eur
MODIFIED,727,646-ARM W,WP227,price_from_eur
MODIFIED,728,648-ARM W,WP228,price_from_eur
MODIFIED,729,649-ARM W,WP229,price_from_eur
MODIFIED,730,650-ARM W,WP230,price_from_eur
MODIFIED,731,651-ARM W,WP231,price_from_eur
MODIFIED,732,653-ARM W,WP232,price_from_eur
MODIFIED,733,655-ARM W,WP233,price_from_eur
MODIFIED,734,657-ARM W,WP234,price_from_eur
MODIFIED,735,658-ARM W,WP235,price_from_eur
MODIFIED,736,660-ARM WP,WP236,price_from_eur
MODIFIED,737,661-ARM W,WP237,price_from_eur
MODIFIED,738,662-GIV W,WP238,price_from_eur
MODIFIED,739,663-GIV W,WP239,price_from_eur
MODIFIED,740,664-GIV W,WP240,price_from_eur
MODIFIED,741,665-GIV W,WP241,price_from_eur
MODIFIED,742,666-GIV W,WP242,price_from_eur
MODIFIED,743,667-GIV W,WP243,price_from_eur
MODIFIED,744,668-GIV W,WP244,price_from_eur
MODIFIED,745,669-GIV W,WP245,price_from_eur
MODIFIED,746,670-GIV W,WP246,price_from_eur
MODIFIED,747,671-GIV W,WP247,price_from_eur
MODIFIED,749,673-GRS WP,WP249,price_from_eur
MODIFIED,750,674-GUC WP,WP250,price_from_eur
MODIFIED,751,675-GUC WP,WP251,price_from_eur
MODIFIED,752,676-GUC WP,WP252,price_from_eur
MODIFIED,753,678-GUC WP,WP253,price_from_eur
MODIFIED,754,680-GUC WP,WP254,price_from_eur
MODIFIED,755,681-GUC WP,WP255,price_from_eur
MODIFIED,756,682-GUR W,WP256,price_from_eur
MODIFIED,757,684-GUR W,WP257,price_from_eur
MODIFIED,758,686-GUR W,WP258,price_from_eur
MODIFIED,759,688-GUR W,WP259,price_from_eur
MODIFIED,760,690-GUR W,WP260,price_from_eur
MODIFIED,761,691-GUR W,WP261,price_from_eur
MODIFIED,762,692-GUR W,WP262,price_from_eur
MODIFIED,763,693-GUR W,WP263,price_from_eur
MODIFIED,764,695-GUE WP,WP264,price_from_eur
MODIFIED,765,696-GLA WP,WP265,price_from_eur
MODIFIED,766,697-HER W,WP266,price_from_eur
MODIFIED,767,698-HER W,WP267,price_from_eur
MODIFIED,768,700-HER W,WP268,price_from_eur
MODIFIED,769,701-HER W,WP269,price_from_eur
MODIFIED,770,702-HER W,WP270,price_from_eur
MODIFIED,771,704-HER W,WP271,price_from_eur
MODIFIED,772,705-HER W,WP272,price_from_eur
MODIFIED,773,706-HER W,WP273,price_from_eur
MODIFIED,774,707-HER W,WP274,price_from_eur
MODIFIED,775,708-HER W,WP275,price_from_eur
MODIFIED,776,709-HER W,WP276,price_from_eur
MODIFIED,777,710-HUG WP,WP277,price_from_eur
MODIFIED,778,711-HUG WP,WP278,price_from_eur
MODIFIED,779,712-HUG WP,WP279,price_from_eur
MODIFIED,780,713-HUG WP,WP280,price_from_eur
MODIFIED,781,714-HUG WP,WP281,price_from_eur
MODIFIED,782,715-HUG WP,WP282,price_from_eur
MODIFIED,783,716-ISS W,WP283,price_from_eur
MODIFIED,784,717-ISS WP,WP284,price_from_eur
MODIFIED,785,718-ISS WP,WP285,price_from_eur
MODIFIED,786,719-ISS WP,WP286,price_from_eur
MODIFIED,788,721-GUL WP,WP288,price_from_eur
MODIFIED,789,723-GUL WP,WP289,price_from_eur
MODIFIED,790,724-GUL WP,WP290,price_from_eur
MODIFIED,791,727-JEN WP,WP291,price_from_eur
MODIFIED,793,729-JIM WP,WP293,price_from_eur
MODIFIED,794,730-JIM WP,WP294,price_from_eur
MODIFIED,795,732-JIM WP,WP295,price_from_eur
MODIFIED,796,733-JIM WP,WP296,price_from_eur
MODIFIED,797,734-JIM WP,WP297,price_from_eur
MODIFIED,798,735-JIM WP,WP298,price_from_eur
MODIFIED,799,736-JUI WP,WP299,price_from_eur
MODIFIED,800,737-JUI WP,WP300,price_from_eur
MODIFIED,801,738-JUI WP,WP301,price_from_eur
MODIFIED,802,739-JUI WP,WP302,price_from_eur
MODIFIED,803,741-JUI WP,WP303,price_from_eur
MODIFIED,804,742-JUI WP,WP304,price_from_eur
MODIFIED,805,743-JUS WP,WP305,price_from_eur
MODIFIED,806,744-JUS WP,WP306,price_from_eur
MODIFIED,807,745-KAR WP,WP307,price_from_eur
MODIFIED,808,746-KAR WP,WP308,price_from_eur
MODIFIED,809,747-KEN WP,WP309,price_from_eur
MODIFIED,810,748-KEN WP,WP310,price_from_eur
MODIFIED,811,749-KEN WP,WP311,price_from_eur
MODIFIED,812,750-KEN W Perfume,WP312,price_from_eur
MODIFIED,813,751-KEN WP,WP313,price_from_eur
MODIFIED,814,752-KEN WP,WP314,price_from_eur
MODIFIED,815,753-KEN W,WP315,price_from_eur
MODIFIED,816,754-KEN WP,WP316,price_from_eur
MODIFIED,817,755-KEN WP,WP317,price_from_eur
MODIFIED,818,756-KEN WP,WP318,price_from_eur
MODIFIED,819,758-KIL WP,WP319,price_from_eur
MODIFIED,820,761-KIL WP,WP320,price_from_eur
MODIFIED,821,764-KIL WP,WP321,price_from_eur
MODIFIED,822,766-KIL WP,WP322,price_from_eur
MODIFIED,823,768-KIL WP,WP323,price_from_eur
MODIFIED,824,1195-LART WP,WP324,price_from_eur
MODIFIED,825,770-LAP WP,WP325,price_from_eur
MODIFIED,826,771-LAP WP,WP326,price_from_eur
MODIFIED,827,772-LAD WP,WP327,price_from_eur
MODIFIED,828,773-LAL WP,WP328,price_from_eur
MODIFIED,829,774-LAL WP,WP329,price_from_eur
MODIFIED,830,776-LAL WP,WP330,price_from_eur
MODIFIED,831,777-LAL WP,WP331,price_from_eur
MODIFIED,832,778-LAN W,WP332,price_from_eur
MODIFIED,833,779-LAN W,WP333,price_from_eur
MODIFIED,834,782-LAN W,WP334,price_from_eur
MODIFIED,835,783-LAN W,WP335,price_from_eur
MODIFIED,836,784-LAN W,WP336,price_from_eur
MODIFIED,837,787-LAN W,WP337,price_from_eur
MODIFIED,838,788-LAN W,WP338,price_from_eur
MODIFIED,839,790-LAN W,WP339,price_from_eur
MODIFIED,840,791-LAN W,WP340,price_from_eur
MODIFIED,841,793-LAN W,WP341,price_from_eur
MODIFIED,842,794-LAN W,WP342,price_from_eur
MODIFIED,843,796-LAN W,WP343,price_from_eur
MODIFIED,844,797-LAN W,WP344,price_from_eur
MODIFIED,845,798-LAN W,WP345,price_from_eur
MODIFIED,846,799-LANV WP,WP346,price_from_eur
MODIFIED,847,800-LANV WP,WP347,price_from_eur
MODIFIED,848,801-LANV WP,WP348,price_from_eur
MODIFIED,849,804-LOE WP,WP349,price_from_eur
MODIFIED,850,805-LOL WP,WP350,price_from_eur
MODIFIED,851,806-LOL WP,WP351,price_from_eur
MODIFIED,852,807-LOL WP,WP352,price_from_eur
MODIFIED,855,811-MAR WP,WP355,price_from_eur
MODIFIED,856,812-MAR WP,WP356,price_from_eur
MODIFIED,858,813-MAR WP,WP358,price_from_eur
MODIFIED,859,814-MAR WP,WP359,price_from_eur
MODIFIED,860,815-MAR WP,WP360,price_from_eur
MODIFIED,861,816-MAX,WP361,price_from_eur
MODIFIED,862,817-MIC W,WP362,price_from_eur
MODIFIED,863,818-MIC W,WP363,price_from_eur
MODIFIED,864,819-MIC W,WP364,price_from_eur
MODIFIED,865,820-MIC W,WP365,price_from_eur
MODIFIED,866,821-MIC W,WP366,price_from_eur
MODIFIED,867,822-MIC W,WP367,price_from_eur
MODIFIED,868,823-MIC W,WP368,price_from_eur
MODIFIED,869,824-MIC W,WP369,price_from_eur
MODIFIED,870,825-MIC W,WP370,price_from_eur
MODIFIED,871,827-MISN WP,WP371,price_from_eur
MODIFIED,872,828-MIY WP,WP372,price_from_eur
MODIFIED,873,829-MNTB WP,WP373,price_from_eur
MODIFIED,874,830-MNTB WP,WP374,price_from_eur
MODIFIED,875,831-MOS WP,WP375,price_from_eur
MODIFIED,876,832-MOS WP,WP376,price_from_eur
MODIFIED,877,833-MOS WP,WP377,price_from_eur
MODIFIED,878,835-MOS WP,WP378,price_from_eur
MODIFIED,879,836-MOS WP,WP379,price_from_eur
MODIFIED,880,837-MOS WP,WP380,price_from_eur
MODIFIED,881,838-MOS WP,WP381,price_from_eur
MODIFIED,883,840-NAO WP,WP383,price_from_eur
MODIFIED,884,842-NRO WP,WP384,price_from_eur
MODIFIED,885,841-NRO WP,WP385,price_from_eur
MODIFIED,886,844-NRO WP,WP386,price_from_eur
MODIFIED,887,843-NRO WP,WP387,price_from_eur
MODIFIED,888,845-NRO WP,WP388,price_from_eur
MODIFIED,889,846-NRO WP,WP389,price_from_eur
MODIFIED,890,847-NRO WP,WP390,price_from_eur
MODIFIED,891,849-NRO WP,WP391,price_from_eur
MODIFIED,892,850-NIN WP,WP392,price_from_eur
MODIFIED,893,851-NIN WP,WP393,price_from_eur
MODIFIED,894,852-NIN WP,WP394,price_from_eur
MODIFIED,895,853-NIN WP,WP395,price_from_eur
MODIFIED,896,855-NIN WP,WP396,price_from_eur
MODIFIED,897,856-NIN WP,WP397,price_from_eur
MODIFIED,898,857-ONE WP,WP398,price_from_eur
MODIFIED,899,858-PAC WP,WP399,price_from_eur
MODIFIED,900,859-PAC WP,WP400,price_from_eur
MODIFIED,901,860-PAC WP,WP401,price_from_eur
MODIFIED,902,862-PAC WP,WP402,price_from_eur
MODIFIED,903,863-PAC WP,WP403,price_from_eur
MODIFIED,904,864-PAC WP,WP404,price_from_eur
MODIFIED,905,865-PAC WP,WP405,price_from_eur
MODIFIED,906,866-PAC WP,WP406,price_from_eur
MODIFIED,907,867-PAL WP,WP407,price_from_eur
MODIFIED,908,868-PARH WP,WP408,price_from_eur
MODIFIED,909,869-PIER WP,WP409,price_from_eur
MODIFIED,910,870-PIER WP,WP410,price_from_eur
MODIFIED,911,871-PIER WP,WP411,price_from_eur
MODIFIED,912,872-PRA WP,WP412,price_from_eur
MODIFIED,913,873-PRA WP,WP413,price_from_eur
MODIFIED,914,874-PRA WP,WP414,inspired_by|price_from_eur
MODIFIED,915,875-PRA WP,WP415,price_from_eur
MODIFIED,916,878-PRA WP,WP416,price_from_eur
MODIFIED,917,879-PRA WP,WP417,price_from_eur
MODIFIED,918,1239-PRA WP,WP418,price_from_eur
MODIFIED,919,881-PRA WP,WP419,price_from_eur
MODIFIED,920,882-PRA WP,WP420,price_from_eur
MODIFIED,921,883-PRA WP,WP421,price_from_eur
MODIFIED,923,885-REP WP,WP423,price_from_eur
MODIFIED,924,886-RIH WP,WP424,price_from_eur
MODIFIED,926,888-RCAV WP,WP426,price_from_eur
MODIFIED,927,889-RCAV WP,WP427,price_from_eur
MODIFIED,928,890-RCAV WP,WP428,price_from_eur
MODIFIED,929,891-RCAV WP,WP429,price_from_eur
MODIFIED,930,892-RCAV WP,WP430,price_from_eur
MODIFIED,931,893-RCAV WP,WP431,price_from_eur
MODIFIED,932,894-RCAV WP,WP432,price_from_eur
MODIFIED,933,895-RCAV WP,WP433,price_from_eur
MODIFIED,934,897-RCAV WP,WP434,price_from_eur
MODIFIED,935,898-ROC W,WP435,price_from_eur
MODIFIED,936,899-ROC W,WP436,price_from_eur
MODIFIED,938,901-ROG WP,WP438,price_from_eur
MODIFIED,939,904-SALV W,WP439,price_from_eur
MODIFIED,940,902-SALV WP,WP440,price_from_eur
MODIFIED,941,905-SFER WP,WP441,price_from_eur
MODIFIED,942,906-SFER WP,WP442,price_from_eur
MODIFIED,943,907-SFER WP,WP443,price_from_eur
MODIFIED,944,908-SFER WP,WP444,price_from_eur
MODIFIED,945,909-SFER WP,WP445,price_from_eur
MODIFIED,946,910-SARJ WP,WP446,price_from_eur
MODIFIED,947,911-SEPH WP,WP447,price_from_eur
MODIFIED,948,912-SHIS WP,WP448,price_from_eur
MODIFIED,949,913-SIS WP,WP449,price_from_eur
MODIFIED,950,914-SIS WP,WP450,price_from_eur
MODIFIED,951,915-SIS WP,WP451,price_from_eur
MODIFIED,952,916-SOF WP,WP452,price_from_eur
MODIFIED,953,917-SWA WP,WP453,price_from_eur
MODIFIED,954,918-TMU W,WP454,price_from_eur
MODIFIED,955,920-TMU W,WP455,price_from_eur
MODIFIED,956,921-TMU W,WP456,price_from_eur
MODIFIED,957,923-TMU W,WP457,price_from_eur
MODIFIED,959,925-TMU W,WP459,price_from_eur
MODIFIED,960,926-TOM WP,WP460,price_from_eur
MODIFIED,961,927-TOUZ WP,WP461,price_from_eur
MODIFIED,962,928-TRU WP,WP462,price_from_eur
MODIFIED,963,929-TRU WP,WP463,price_from_eur
MODIFIED,964,930-TRU WP,WP464,price_from_eur
MODIFIED,965,931-TRU WP,WP465,price_from_eur
MODIFIED,966,933-TRU WP,WP466,price_from_eur
MODIFIED,967,934-TRU WP,WP467,price_from_eur
MODIFIED,968,935-TRU WP,WP468,price_from_eur
MODIFIED,969,938-VAL WP,WP469,price_from_eur
MODIFIED,970,939-VAL WP,WP470,price_from_eur
MODIFIED,971,1270-VAN WP,WP471,price_from_eur
MODIFIED,972,941-VAN WP,WP472,price_from_eur
MODIFIED,973,942-VERW WP,WP473,price_from_eur
MODIFIED,974,943-VER W,WP474,price_from_eur
MODIFIED,975,944-VER W,WP475,price_from_eur
MODIFIED,976,945-VER W,WP476,price_from_eur
MODIFIED,977,946-VER W,WP477,price_from_eur
MODIFIED,978,947-VIC W,WP478,price_from_eur
MODIFIED,979,948-VIC W,WP479,price_from_eur
MODIFIED,980,949-VIC W,WP480,price_from_eur
MODIFIED,981,950-VICT WP,WP481,price_from_eur
MODIFIED,983,953-VICT WP,WP483,price_from_eur
MODIFIED,984,954-VICT WP,WP484,price_from_eur
MODIFIED,985,955-VICT WP,WP485,price_from_eur
MODIFIED,986,956-VICT WP,WP486,price_from_eur
MODIFIED,987,957-VICT WP,WP487,price_from_eur
MODIFIED,988,958-VICT WP,WP488,price_from_eur
MODIFIED,989,959-VICT WP,WP489,price_from_eur
MODIFIED,990,960-VICT WP,WP490,price_from_eur
MODIFIED,991,961-VICT WP,WP491,price_from_eur
MODIFIED,992,962-VICT WP,WP492,price_from_eur
MODIFIED,993,963-VICT WP,WP493,price_from_eur
MODIFIED,994,964-VICT WP,WP494,price_from_eur
MODIFIED,995,965-VICT WP,WP495,price_from_eur
MODIFIED,996,968-VICT WP,WP496,price_from_eur
MODIFIED,997,971-VICT WP,WP497,price_from_eur
MODIFIED,998,973-VICT WP,WP498,price_from_eur
MODIFIED,999,WHITE MUSK Perfume,WP499,price_from_eur
MODIFIED,1000,976-YZLO W,WP500,price_from_eur
MODIFIED,1001,977-YZLO W,WP501,price_from_eur
MODIFIED,1002,978-YZLO WP,WP502,price_from_eur
MODIFIED,1003,979-YZLO W,WP503,price_from_eur
MODIFIED,1004,980-YZLO W,WP504,price_from_eur
MODIFIED,1005,1285-YZLO W,WP505,price_from_eur
MODIFIED,1006,983-YZLO W,WP506,price_from_eur
MODIFIED,1007,984-YZLO W,WP507,price_from_eur
MODIFIED,1008,985-YZLO W,WP508,price_from_eur
MODIFIED,1009,986-YZLO W,WP509,price_from_eur
MODIFIED,1010,987-YZLO W,WP510,price_from_eur
MODIFIED,1011,988-YZLO W,WP511,price_from_eur
MODIFIED,1012,989-YZLO W,WP512,price_from_eur
MODIFIED,1013,991-YZLO W,WP513,price_from_eur
MODIFIED,1014,992-ZAD WP,WP514,price_from_eur
MODIFIED,1015,994-ZAD WP,WP515,price_from_eur
MODIFIED,1106,200-CIR EL,EL006,price_from_eur
MODIFIED,1110,204-CRD EL,EL010,price_from_eur
MODIFIED,1111,205-CRD EL,EL011,price_from_eur
MODIFIED,1113,207-CRD EL,EL013,price_from_eur
MODIFIED,1114,210-CRD EL,EL014,price_from_eur
MODIFIED,1115,211-CRD EL,EL015,price_from_eur
MODIFIED,1116,213-CRD EL,EL016,price_from_eur
MODIFIED,1117,214-CRD,EL017,price_from_eur
MODIFIED,1119,216-CRD EL,EL019,price_from_eur
MODIFIED,1120,217-CRD EL,EL020,price_from_eur
MODIFIED,1121,218-CRD EL,EL021,price_from_eur
MODIFIED,1122,219-CRD EL,EL022,price_from_eur
MODIFIED,1123,220-CRD EL,EL023,price_from_eur
MODIFIED,1124,221-DIP EL,EL024,price_from_eur
MODIFIED,1125,222-DIP EL,EL025,price_from_eur
MODIFIED,1126,223-DIP EL,EL026,price_from_eur
MODIFIED,1127,224-DIP EL,EL027,price_from_eur
MODIFIED,1128,225-DIP EL,EL028,price_from_eur
MODIFIED,1129,226-DIP EL,EL029,price_from_eur
MODIFIED,1130,227-DIP EL,EL030,price_from_eur
MODIFIED,1131,228-DIP EL,EL031,price_from_eur
MODIFIED,1132,229-DIP EL,EL032,price_from_eur
MODIFIED,1133,230-DIP EL,EL033,price_from_eur
MODIFIED,1134,232-ESCE EL,EL034,price_from_eur
MODIFIED,1135,234-ESCE EL,EL035,price_from_eur
MODIFIED,1136,186-ARM EL,EL036,price_from_eur
MODIFIED,1137,192-ARM EL,EL037,price_from_eur
MODIFIED,1138,187-ARM EL,EL038,price_from_eur
MODIFIED,1139,188-ARM EL,EL039,price_from_eur
MODIFIED,1140,189-ARM EL,EL040,price_from_eur
MODIFIED,1142,193-ARM EL,EL042,price_from_eur
MODIFIED,1143,235-HOLL EL,EL043,price_from_eur
MODIFIED,1144,236-IND EL,EL044,price_from_eur
MODIFIED,1145,237-JOM EL,EL045,price_from_eur
MODIFIED,1146,238-JOM EL,EL046,price_from_eur
MODIFIED,1147,239-JOM EL,EL047,price_from_eur
MODIFIED,1148,240-JOM EL,EL048,price_from_eur
MODIFIED,1149,241-JOM EL,EL049,price_from_eur
MODIFIED,1150,242-JOM EL,EL050,price_from_eur
MODIFIED,1151,243-JOM EL,EL051,price_from_eur
MODIFIED,1152,244-JOM EL,EL052,price_from_eur
MODIFIED,1153,245-JOM EL,EL053,price_from_eur
MODIFIED,1154,247-JOM EL,EL054,price_from_eur
MODIFIED,1155,248-JOM EL,EL055,price_from_eur
MODIFIED,1156,249-JOM EL,EL056,price_from_eur
MODIFIED,1157,250-JOM EL,EL057,price_from_eur
MODIFIED,1158,251-JOM EL,EL058,price_from_eur
MODIFIED,1159,253-JOM EL,EL059,price_from_eur
MODIFIED,1160,254-JOM EL,EL060,price_from_eur
MODIFIED,1161,255-JOM EL,EL061,price_from_eur
MODIFIED,1162,256-JOM EL,EL062,price_from_eur
MODIFIED,1163,257-JOM EL,EL063,price_from_eur
MODIFIED,1164,258-JOM EL,EL064,price_from_eur
MODIFIED,1165,259-JOM EL,EL065,price_from_eur
MODIFIED,1166,260-JOM EL,EL066,price_from_eur
MODIFIED,1167,261-JOM EL,EL067,price_from_eur
MODIFIED,1168,262-JOM EL,EL068,price_from_eur
MODIFIED,1169,263-JOM EL,EL069,price_from_eur
MODIFIED,1170,264-JOM EL,EL070,price_from_eur
MODIFIED,1171,266-JOM EL,EL071,price_from_eur
MODIFIED,1172,267-JOM EL,EL072,price_from_eur
MODIFIED,1173,268-JOM EL,EL073,price_from_eur
MODIFIED,1174,270-JOM EL,EL074,price_from_eur
MODIFIED,1175,272-JOM EL,EL075,price_from_eur
MODIFIED,1176,273-JOM EL,EL076,price_from_eur
MODIFIED,1177,274-JOM EL,EL077,price_from_eur
MODIFIED,1178,275-JOM EL,EL078,price_from_eur
MODIFIED,1179,277-JOM EL,EL079,price_from_eur
MODIFIED,1180,278-JOM EL,EL080,price_from_eur
MODIFIED,1181,279-JOM EL,EL081,price_from_eur
MODIFIED,1182,280-JOM EL,EL082,price_from_eur
MODIFIED,1183,281-JOM EL,EL083,price_from_eur
MODIFIED,1184,282-JOM EL,EL084,price_from_eur
MODIFIED,1185,284-JOM EL,EL085,price_from_eur
MODIFIED,1186,285-JOM EL,EL086,price_from_eur
MODIFIED,1187,286-JOM EL,EL087,price_from_eur
MODIFIED,1188,287-JOM EL,EL088,price_from_eur
MODIFIED,1189,288-JOM EL,EL089,price_from_eur
MODIFIED,1190,289-JOM EL,EL090,price_from_eur
MODIFIED,1191,290-JOM EL,EL091,price_from_eur
MODIFIED,1192,292-JOM EL,EL092,price_from_eur
MODIFIED,1193,293-JOM EL,EL093,price_from_eur
MODIFIED,1194,294-JOM EL,EL094,price_from_eur
MODIFIED,1195,295-JOM EL,EL095,price_from_eur
MODIFIED,1196,297-JOM EL,EL096,price_from_eur
MODIFIED,1197,298-JOM EL,EL097,price_from_eur
MODIFIED,1198,299-JOM EL,EL098,price_from_eur
MODIFIED,1199,300-JOM EL,EL099,price_from_eur
MODIFIED,1200,301-JOM EL,EL100,price_from_eur
MODIFIED,1201,302-JOM EL,EL101,price_from_eur
MODIFIED,1202,303-JOM EL,EL102,price_from_eur
MODIFIED,1203,304-KIE EL,EL103,price_from_eur
MODIFIED,1204,307-LOC EL,EL104,price_from_eur
MODIFIED,1205,308-LOC EL,EL105,price_from_eur
MODIFIED,1206,309-LOC EL,EL106,price_from_eur
MODIFIED,1208,311-MOL EL,EL108,price_from_eur
MODIFIED,1209,312-MOL EL,EL109,price_from_eur
MODIFIED,1210,313-MOL EL,EL110,price_from_eur
MODIFIED,1212,315-MNT EL Perfume,EL112,price_from_eur
MODIFIED,1213,316-MNT EL Fragrance,EL113,price_from_eur
MODIFIED,1214,319-MNT EL,EL114,price_from_eur
MODIFIED,1216,321-NAS EL,EL116,price_from_eur
MODIFIED,1219,324-PARFD EL,EL119,price_from_eur
MODIFIED,1220,325-PECK EL,EL120,price_from_eur
MODIFIED,1221,326-PECK EL,EL121,price_from_eur
MODIFIED,1222,327-PECK EL,EL122,price_from_eur
MODIFIED,1224,330-PG EL,EL124,price_from_eur
MODIFIED,1225,331-PG EL,EL125,price_from_eur
MODIFIED,1226,332-RAM EL,EL126,price_from_eur
MODIFIED,1230,334-SHI EL,EL130,price_from_eur
MODIFIED,1231,335-THCO EL,EL131,price_from_eur
MODIFIED,1232,336-THCO EL,EL132,price_from_eur
MODIFIED,1233,338-TMFO EL,EL133,price_from_eur
MODIFIED,1234,340-TMFO EL,EL134,price_from_eur
MODIFIED,1235,342-TMFO EL,EL135,price_from_eur
MODIFIED,1236,343-TMFO EL,EL136,price_from_eur
MODIFIED,1237,344-TMFO EL,EL137,price_from_eur
MODIFIED,1238,346-TMFO EL,EL138,price_from_eur
MODIFIED,1239,348-TMFO EL,EL139,price_from_eur
MODIFIED,1240,349-TMFO EL,EL140,price_from_eur
MODIFIED,1241,351-TMFO EL,EL141,price_from_eur
MODIFIED,1242,354-TMFO EL,EL142,price_from_eur
MODIFIED,1243,355-TMFO EL,EL143,price_from_eur
MODIFIED,1244,358-TMFO EL,EL144,price_from_eur
MODIFIED,1245,359-TMFO EL,EL145,price_from_eur
MODIFIED,1246,360-TMFO EL,EL146,price_from_eur
MODIFIED,1247,361-TMFO EL,EL147,price_from_eur
MODIFIED,1249,363-TMFO EL,EL149,price_from_eur
MODIFIED,1250,364-TMFO EL,EL150,price_from_eur
MODIFIED,1251,365-TMFO EL,EL151,price_from_eur
MODIFIED,1252,366-TMFO EL,EL152,price_from_eur
MODIFIED,1253,368-TMFO EL,EL153,price_from_eur
MODIFIED,1254,369-TMFO EL,EL154,price_from_eur
MODIFIED,1255,371-TMFO EL,EL155,price_from_eur
MODIFIED,1256,372-TMFO EL,EL156,price_from_eur
MODIFIED,1257,373-TMFO EL,EL157,price_from_eur
MODIFIED,1258,374-TMFO EL,EL158,price_from_eur
MODIFIED,1259,375-TMFO EL,EL159,price_from_eur
MODIFIED,1260,376-TMFO EL,EL160,price_from_eur
MODIFIED,1261,377-TMFO EL,EL161,price_from_eur
MODIFIED,1262,378-TMFO EL,EL162,price_from_eur
MODIFIED,1263,379-YAN EL,EL163,price_from_eur
MODIFIED,1264,380-YAN EL,EL164,price_from_eur
MODIFIED,1265,381-YAN EL,EL165,price_from_eur
MODIFIED,1266,382-YAN EL,EL166,price_from_eur
MODIFIED,1267,384-YAR EL,EL167,price_from_eur
MODIFIED,1402,101-AHW N,AR002,price_from_eur
MODIFIED,1403,103-ARB AR,AR003,price_from_eur
MODIFIED,1404,104-ARB AR,AR004,price_from_eur
MODIFIED,1405,105-ARB AR,AR005,price_from_eur
MODIFIED,1406,106-ARB AR,AR006,price_from_eur
MODIFIED,1407,107-ARB AR,AR007,price_from_eur
MODIFIED,1408,113-DRC N,AR008,price_from_eur
MODIFIED,1409,118-HAM AR,AR009,price_from_eur
MODIFIED,1410,146-MEM N,AR010,price_from_eur
MODIFIED,1411,148-PARF N,AR011,price_from_eur
MODIFIED,1412,149-PARF N,AR012,price_from_eur
MODIFIED,1413,156-PARF N,AR013,price_from_eur
MODIFIED,1414,167-RAS N,AR014,price_from_eur
MODIFIED,1415,168-RAS AR,AR015,price_from_eur
MODIFIED,1416,175-SHA AR,AR016,price_from_eur
MODIFIED,1417,183-XER N,AR017,price_from_eur
MODIFIED,1418,182-XER N,AR018,price_from_eur
MODIFIED,1419,Huboob - YAS Arabic Perfume,AR019,price_from_eur
MODIFIED,1762,1188-KAR MP,MP266,price_from_eur
MODIFIED,1763,391-ACQ,WP517,price_from_eur
MODIFIED,1764,345-TMFO EL,EL168,price_from_eur
MODIFIED,1765,936-VAL WP,WP518,price_from_eur
MODIFIED,1766,605-ESC WP,WP519,price_from_eur
MODIFIED,1768,785-LAN W,WP520,price_from_eur
MODIFIED,1769,656-ARM W,WP521,price_from_eur
MODIFIED,1771,731-JIM WP,WP523,price_from_eur
MODIFIED,1774,647-ARM W,WP525,price_from_eur
MODIFIED,1775,848-NRO WP,WP526,price_from_eur
MODIFIED,1776,1187-JOV MP,MP267,price_from_eur
MODIFIED,1777,615-EST WP,WP527,price_from_eur
MODIFIED,1778,990-YZLO W,WP528,price_from_eur
MODIFIED,1779,466-CAL WP,WP529,price_from_eur
MODIFIED,1780,699-HER W,WP530,price_from_eur
MODIFIED,1781,408-BAT WP,WP531,price_from_eur
MODIFIED,1782,757-KIL WP,WP532,price_from_eur
MODIFIED,1786,154-PARF N,AR020,price_from_eur
MODIFIED,1787,792-LAN W,WP533,price_from_eur
MODIFIED,1788,350-TMFO EL,EL171,price_from_eur
MODIFIED,1789,495-CHA W,WP534,price_from_eur
MODIFIED,1790,139-KUR N,AR022,price_from_eur
MODIFIED,1791,138-KUR N,AR023,price_from_eur
MODIFIED,1792,760-KIL WP,WP535,price_from_eur
MODIFIED,1793,981-YZLO W,WP536,price_from_eur
MODIFIED,1794,780-LAN W,WP537,price_from_eur
MODIFIED,1795,1058-CAR MP,MP268,price_from_eur
MODIFIED,1796,110-ARM N,AR024,price_from_eur
MODIFIED,1801,765-KIL WP,WP538,price_from_eur
MODIFIED,1802,781-LAN W,WP539,price_from_eur
MODIFIED,1803,759-KIL WP,WP540,price_from_eur
MODIFIED,1804,767-KIL WP,WP541,price_from_eur
MODIFIED,1805,763-KIL WP,WP542,price_from_eur
MODIFIED,1806,195-ARM EL,EL173,price_from_eur
MODIFIED,1807,111-BAC N,AR025,price_from_eur
MODIFIED,1808,127-KIL N,AR026,price_from_eur
MODIFIED,1810,1161-HUG MP,MP270,price_from_eur
MODIFIED,1811,449-BYR WP,WP543,price_from_eur
MODIFIED,1813,694-GUR W,WP544,price_from_eur
MODIFIED,1814,153-PARF N,AR027,price_from_eur
MODIFIED,1815,131-LEL N,AR028,price_from_eur
MODIFIED,1816,181-XER N,AR029,price_from_eur
MODIFIED,1817,1094-DOL MP,MP271,price_from_eur
MODIFIED,1818,352-TMFO EL,EL174,price_from_eur
MODIFIED,1819,854-NIN WP,WP545,price_from_eur
MODIFIED,1821,339-TMFO EL,EL175,price_from_eur
MODIFIED,1822,722-GUL WP,WP546,price_from_eur
MODIFIED,1831,115-EXN N,AR030,price_from_eur
MODIFIED,1832,116-EXN N,AR031,price_from_eur
MODIFIED,1833,271-JOM EL,EL176,price_from_eur
MODIFIED,1839,233-ESCE EL,EL177,price_from_eur
MODIFIED,1877,453-BYR WP,WP547,price_from_eur
MODIFIED,1878,337-TIFF WP,EL178,price_from_eur
MODIFIED,1879,305-KAY EL,EL179,price_from_eur
MODIFIED,1880,177-TER N,AR032,price_from_eur
MODIFIED,1881,1091-COS MP,WP548,price_from_eur
MODIFIED,1882,1090-COS MP,MP272,price_from_eur
MODIFIED,1883,652-ARM W,WP549,price_from_eur
MODIFIED,1888,252-JOM EL,EL180,price_from_eur
MODIFIED,1889,762-KIL WP,WP550,price_from_eur
MODIFIED,1890,834-MOS WP,WP551,price_from_eur
MODIFIED,1891,353-TMFO EL,EL181,price_from_eur
MODIFIED,1893,1127-ARM M,MP119,price_from_eur
MODIFIED,1894,1006-ACQ,MP273,price_from_eur
MODIFIED,1895,999-ABE MP,MP274,price_from_eur
MODIFIED,1896,444-BLG WP,WP552,price_from_eur
MODIFIED,1897,1037-BLG M,MP275,price_from_eur
MODIFIED,1898,452-BYR WP,WP553,price_from_eur
MODIFIED,1899,479-CAR W,WP554,price_from_eur
MODIFIED,1900,486-CAR WP,WP555,price_from_eur
MODIFIED,1901,1053-CAR M,MP276,price_from_eur
MODIFIED,1902,522-DRC W,WP556,price_from_eur
MODIFIED,1903,538-DRC W,WP557,price_from_eur
MODIFIED,1904,314-MOL EL,EL182,price_from_eur
MODIFIED,1907,269-JOM EL,EL183,price_from_eur
MODIFIED,1908,265-JOM EL,EL184,price_from_eur
MODIFIED,1909,318-MNT EL Perfume,EL185,price_from_eur
MODIFIED,1910,740-JUI WP,WP558,price_from_eur
MODIFIED,1911,775-LAL WP,WP558,price_from_eur
MODIFIED,1912,795-LAN W,WP559,price_from_eur
MODIFIED,1913,802-LBI WP,WP560,price_from_eur
MODIFIED,1914,1201-LBI MP,MP277,price_from_eur
MODIFIED,1915,808-LOL WP,WP561,price_from_eur
MODIFIED,1916,1230-PAC MP,MP278,price_from_eur
MODIFIED,1917,884-RAL W,WP562,price_from_eur
MODIFIED,1918,1236-PAL MP,MP279,price_from_eur
MODIFIED,1919,903-SALV W,WP563,price_from_eur
MODIFIED,1920,679-GUC WP,WP564,price_from_eur
MODIFIED,1921,687-GUR W,WP565,price_from_eur
MODIFIED,1922,1157-HER M,MP280,price_from_eur
MODIFIED,1923,173-SOS N,AR034,price_from_eur
MODIFIED,1924,1485-TMU M,MP281,price_from_eur
MODIFIED,1926,1482-VIC M,MP282,price_from_eur
MODIFIED,1927,952-VICT WP,WP567,price_from_eur
MODIFIED,1928,969-VICT WP,WP568,price_from_eur
MODIFIED,1929,970-VICT WP,WP569,price_from_eur
MODIFIED,1930,967-VICT WP,WP570,price_from_eur
MODIFIED,1931,993-ZAD WP,WP571,price_from_eur
MODIFIED,1932,608-ESC WP,WP571,price_from_eur
MODIFIED,1933,1509-KIL WP,WP571,price_from_eur
MODIFIED,1934,1072-DRC M,MP287,price_from_eur
MODIFIED,1935,1088-COM MP,MP283,price_from_eur
MODIFIED,1936,589-ELI WP,WP572,price_from_eur
MODIFIED,1937,564-DOL WP,WP573,price_from_eur
MODIFIED,1938,1097-DOL M,MP284,price_from_eur
MODIFIED,1939,1100-DOL MP,MP285,price_from_eur
MODIFIED,1940,523-DRC W,WP574,price_from_eur
MODIFIED,1943,356-TMFO EL,EL187,price_from_eur
MODIFIED,1944,357-TMFO EL,EL188,price_from_eur
MODIFIED,1945,385-YAR EL,EL189,price_from_eur
MODIFIED,1948,102-AMG N,AR036,price_from_eur
MODIFIED,1949,130-LEL N,AR037,price_from_eur
MODIFIED,1950,145-MEM N,AR038,price_from_eur
MODIFIED,2050,231-DIP EL,EL190,price_from_eur
MODIFIED,2051,174-SOS N,AR039,price_from_eur
MODIFIED,2052,601-ESC WP,WP575,price_from_eur
MODIFIED,2053,1178-GUL MP,MP286,price_from_eur
MODIFIED,2057,152-PARF N,AR040,price_from_eur
MODIFIED,2058,141-MAN N,AR041,price_from_eur
MODIFIED,2059,283-JOM EL,EL191,price_from_eur
MODIFIED,2061,401-ARIA WP,WP577,price_from_eur
MODIFIED,2062,685-GUR W,WP578,price_from_eur
MODIFIED,2075,539-DRC W,WP579,price_from_eur
MODIFIED,2077,659-ARM W,WP580,price_from_eur
MODIFIED,2078,677-GUC WP,WP581,price_from_eur
MODIFIED,2079,683-GUR W,WP582,price_from_eur
MODIFIED,2080,726-GUL WP,WP583,price_from_eur
MODIFIED,2081,789-LAN W,WP586,price_from_eur
MODIFIED,2082,861-PAC WP,WP585,price_from_eur
MODIFIED,2083,932-TRU WP,WP584,price_from_eur
MODIFIED,2084,172-SHALM AR,AR042,price_from_eur
MODIFIED,2085,208-CRD EL,EL192,price_from_eur
MODIFIED,2086,296-JOM EL,EL193,price_from_eur
MODIFIED,2087,276-JOM EL,EL194,price_from_eur
MODIFIED,2089,341-TMFO EL,EL195,price_from_eur
MODIFIED,2090,347-TMFO EL,EL196,price_from_eur
MODIFIED,2091,1046-CAL MP,MP289,price_from_eur
MODIFIED,2092,162-PEN N,AR043,price_from_eur
MODIFIED,2093,163-PEN N,AR044,price_from_eur
MODIFIED,2094,160-PEN N,AR045,price_from_eur
MODIFIED,2095,1228-PAC MP,MP290,price_from_eur
MODIFIED,2096,166-AZ N,AR046,price_from_eur
MODIFIED,2097,1234-PAC MP,MP291,price_from_eur
MODIFIED,2098,972-VICT WP,WP587,price_from_eur
MODIFIED,2099,1205-LOL MP,MP292,price_from_eur
MODIFIED,2100,291-JOM EL,EL197,price_from_eur
MODIFIED,2101,402-ARIA WP,WP588,price_from_eur
MODIFIED,2103,975-YZLO W,WP589,price_from_eur
MODIFIED,2104,1017-AZZ M,MP293,price_from_eur
MODIFIED,2105,383-YAN EL,WP590,price_from_eur
MODIFIED,2108,117-EXN N,AR047,price_from_eur
MODIFIED,2109,143-MAN N,AR048,price_from_eur
MODIFIED,2111,RED AFRICAN - AL HARAMAIN PERFUMES (U) Original,AR049,price_from_eur
MODIFIED,2112,108-ARM EL,EL198,price_from_eur
MODIFIED,2113,203-CLIV N,AR050,price_from_eur
MODIFIED,2114,306-LAN EL,EL199,price_from_eur
MODIFIED,2115,370-TMFO EL,EL200,price_from_eur
MODIFIED,2116,1288-YZLO M,MP294,price_from_eur
MODIFIED,2117,144-MAN N,AR051,price_from_eur
MODIFIED,2118,179-XER N,AR052,price_from_eur
MODIFIED,2119,119-HIS N,AR053,price_from_eur
MODIFIED,2120,157-PARF N,AR054,price_from_eur
MODIFIED,2122,150-PARF N,AR055,price_from_eur
MODIFIED,2123,654-ARM W,WP592,price_from_eur
MODIFIED,2124,112-BON N,AR056,price_from_eur
MODIFIED,2125,159-PARF N,AR057,price_from_eur
MODIFIED,2126,133-MICA N,AR058,price_from_eur
MODIFIED,2127,178-VIL Ν,AR059,price_from_eur
MODIFIED,2131,132-LTN N,AR060,price_from_eur
MODIFIED,2132,122-INI N,AR061,price_from_eur
MODIFIED,2133,142-MAN N,AR062,price_from_eur
MODIFIED,2140,165-PEN N,AR063,price_from_eur
MODIFIED,2141,1505-EST WP,WP594,price_from_eur
MODIFIED,2142,1209-MNTB MP,MP295,price_from_eur
MODIFIED,2145,637-EST WP,WP595,price_from_eur
MODIFIED,2146,410-BOD WP,WP596,price_from_eur
MODIFIED,2148,966-VICT WP,WP598,price_from_eur
MODIFIED,2149,689-GUR W,WP599,price_from_eur
MODIFIED,2150,922-TMU W,WP600,price_from_eur
MODIFIED,2190,123-INI N,AR064,price_from_eur
MODIFIED,2191,120-INI N,AR065,price_from_eur
MODIFIED,2192,135-KUR N,AR066,price_from_eur
MODIFIED,2193,367-TMFO EL,EL201,price_from_eur
MODIFIED,2194,725-GUL WP,WP601,price_from_eur
MODIFIED,2196,109-ARM N,AR067,price_from_eur
MODIFIED,2198,937-VAL WP,WP602,price_from_eur
MODIFIED,2199,786-LAN W,WP603,price_from_eur
MODIFIED,2200,1126-ARM M,MP296,price_from_eur
MODIFIED,2201,1501-CAR WP,WP604,price_from_eur
MODIFIED,2204,171-DUP N,AR068,price_from_eur
MODIFIED,2205,126-KIL AR,AR069,price_from_eur
MODIFIED,2206,703-HER W,WP605,price_from_eur
MODIFIED,2207,180-XER N,AR070,price_from_eur
MODIFIED,2208,246-JOM EL,EL202,price_from_eur
MODIFIED,2209,136-KUR N,AR071,price_from_eur
MODIFIED,2210,803-LAU WP,WP606,price_from_eur
MODIFIED,2211,454-BYR WP,WP607,price_from_eur
MODIFIED,2212,919-TMU W,WP608,price_from_eur
MODIFIED,2213,896-RCAV WP,WP609,price_from_eur
MODIFIED,2214,125-JUL N,AR072,price_from_eur
MODIFIED,2215,1003-ACQ,MP297,price_from_eur
MODIFIED,2216,609-ESC WP,WP610,price_from_eur
MODIFIED,2217,1217-MONT MP,MP298,price_from_eur
MODIFIED,2218,826-MIS WP,WP611,price_from_eur
MODIFIED,2219,1261-TMU M,MP299,price_from_eur
MODIFIED,2220,461-CAC W,WP612,price_from_eur
MODIFIED,2223,124-INI N,AR073,price_from_eur
MODIFIED,2224,121-INI N,AR074,price_from_eur
MODIFIED,2226,140-KUR N,AR075,price_from_eur
MODIFIED,2227,137-KUR N,AR076,price_from_eur
MODIFIED,2228,158-PARF N,AR077,price_from_eur
MODIFIED,2229,151-PARF N,AR078,price_from_eur
MODIFIED,2230,155-PARF N,AR079,price_from_eur
MODIFIED,2231,128-LEL N,AR080,price_from_eur
MODIFIED,2232,129-LEL N,AR081,price_from_eur
MODIFIED,2233,161-PEN N,AR082,price_from_eur
MODIFIED,2234,169-ROJ N,AR083,price_from_eur
MODIFIED,2235,170-ROJ N,AR084,price_from_eur
MODIFIED,2236,176-THAM N,AR085,price_from_eur
MODIFIED,2237,147-NAS N,AR087,price_from_eur
MODIFIED,2238,134-KUR N,AR086,price_from_eur
MODIFIED,2239,114-CRD N,AR087,price_from_eur
MODIFIED,2240,164-PEN N,AR087,price_from_eur
MODIFIED,2241,1549-TMFO EL,EL203,price_from_eur
MODIFIED,2242,1513-KIL WP,WP613,price_from_eur
MODIFIED,2243,1545-MNT EL,EL204,price_from_eur
MODIFIED,2244,1548-TMFO EL,EL205,price_from_eur
MODIFIED,2245,1546-TMFO EL,EL206,price_from_eur
MODIFIED,2246,1519-YZLO W,WP614,price_from_eur
MODIFIED,2247,1529-BDIK N,AR089,price_from_eur
MODIFIED,2248,1521-ZAD WP,WP615,price_from_eur
MODIFIED,2249,1500-BYR WP,WP616,price_from_eur
MODIFIED,2250,1531-PARF N,AR090,price_from_eur
MODIFIED,2251,1516-LAN W,WP617,price_from_eur
MODIFIED,2252,1530-INI N,AR091,price_from_eur
MODIFIED,2254,1533-SERG Ν,AR093,price_from_eur
MODIFIED,2266,1508-KIL WP,WP618,price_from_eur
MODIFIED,2267,1507-HUG WP,WP619,price_from_eur
MODIFIED,2269,1528-KUR N,AR094,price_from_eur
MODIFIED,2270,1479-HER W,WP620,price_from_eur
MODIFIED,2271,MUKHALLAT AL EMIRATES - AL HARAMAIN ORIGINAL PERFUME,AR095,price_from_eur
MODIFIED,2274,1522-ZAD WP,MP300,price_from_eur
MODIFIED,2275,1495-BRB WP,WP621,price_from_eur
MODIFIED,2276,1502-CHA W,WP622,price_from_eur
MODIFIED,2277,1503-DRC W,WP623,price_from_eur
MODIFIED,2278,1515-LAN W,WP624,price_from_eur
MODIFIED,2279,1517-MOS WP,WP625,price_from_eur
MODIFIED,2280,1520-YZLO W,WP626,price_from_eur
MODIFIED,2281,1478-HUG MP,MP301,price_from_eur
MODIFIED,2282,1490-DRC M,MP302,price_from_eur
MODIFIED,2283,1483-DSQ MP,MP303,price_from_eur
MODIFIED,2284,1480-ARM M,MP304,price_from_eur
MODIFIED,2285,1488-LBI MP,MP305,price_from_eur
MODIFIED,2286,1487-PAC MP,MP306,price_from_eur
MODIFIED,2287,1484-VAL MP,MP307,price_from_eur
MODIFIED,2294,1538-FRE LUX,LUX001,price_from_eur
MODIFIED,2295,1536-BOA LUX,LUX002,price_from_eur
MODIFIED,2296,1535-BOA LUX,LUX003,price_from_eur
MODIFIED,2298,1547-TMFO EL,EL207,price_from_eur
MODIFIED,2299,1499-BYR EL,EL208,price_from_eur
MODIFIED,2300,1510-KIL WP,EL209,price_from_eur
MODIFIED,2302,1511-KIL WP,WP627,price_from_eur
MODIFIED,2303,1497-BYR EL,EL210,price_from_eur
MODIFIED,2304,1512-KIL WP,WP628,price_from_eur
MODIFIED,2305,1498-BYR EL,EL211,price_from_eur
MODIFIED,2306,1514-KIL WP,EL212,price_from_eur
MODIFIED,2307,1525-AMG N,AR097,price_from_eur
MODIFIED,2308,1524-AMG N,AR098,price_from_eur
MODIFIED,2309,1539-ORT LUX,LUX004,price_from_eur
MODIFIED,2310,1537-CHA LUX,LUX005,price_from_eur
MODIFIED,2311,1477-HER M,MP308,price_from_eur
MODIFIED,2312,1476-NRO WP,WP629,price_from_eur
MODIFIED,2315,1553-MNT N,AR099,price_from_eur
MODIFIED,2316,1552-VER W,WP630,price_from_eur
MODIFIED,2317,1551-VICT WP,WP631,price_from_eur
MODIFIED,2318,1554-VICT WP,WP632,price_from_eur
MODIFIED,2319,1555-GUR W,WP633,price_from_eur
MODIFIED,2320,1557-FRE N,AR100,price_from_eur
MODIFIED,2321,1556-CHA N,AR101,price_from_eur
MODIFIED,2322,1559-VICT WP,WP634,price_from_eur
MODIFIED,2323,1558-TMFO EL,EL213,price_from_eur
MODIFIED,2324,1613-FRE LUX,LUX006,price_from_eur
MODIFIED,2325,1612-LTN N,AR102,price_from_eur
MODIFIED,2326,323-NAS N,AR103,price_from_eur
MODIFIED,2327,1615-FRE LUX,LUX007,price_from_eur
MODIFIED,2328,1614-FRE LUX,LUX008,price_from_eur
MODIFIED,2329,100-AMG N,AR035,price_from_eur
MODIFIED,2331,1550-YAN EL,EL214,price_from_eur
MODIFIED,2333,1617-MNT N,AR036,price_from_eur
MODIFIED,2334,WARDIA - AL HARAMAIN Fragrance,AR037,price_from_eur
MODIFIED,2336,1618-NISH N,AR039,price_from_eur
MODIFIED,2337,1619-NISH N,AR040,price_from_eur
MODIFIED,2338,1633-PAC MP,MP309,price_from_eur
MODIFIED,2339,1632-PAC MP,MP310,price_from_eur
MODIFIED,2340,1634-BRB MP,MP311,price_from_eur
MODIFIED,2341,1630-GUL MP,MP312,price_from_eur
MODIFIED,2343,1620-GUR N,AR041,price_from_eur
MODIFIED,2346,1623-ARM N,AR042,price_from_eur
MODIFIED,2347,1621-NAS N,AR043,price_from_eur
MODIFIED,2348,1627-CLIV N,AR044,price_from_eur
MODIFIED,2349,1635-XER N,AR045,price_from_eur
MODIFIED,2350,1626-BON N,AR046,price_from_eur
MODIFIED,2351,1624-XER N,AR047,price_from_eur
MODIFIED,2352,1622-FRA N,AR048,price_from_eur
MODIFIED,2365,1625-KIL N,AR049,price_from_eur
MODIFIED,2366,1616-MDI N,AR050,price_from_eur
MODIFIED,2368,1637-CRD EL,EL215,price_from_eur
MODIFIED,2369,1642-VICT WP,WP637,price_from_eur
MODIFIED,2370,1643-GUL WP,WP636,price_from_eur
MODIFIED,2371,1644 - DRC M,MP313,price_from_eur
MODIFIED,2374,1638-XER N,AR051,price_from_eur
MODIFIED,2375,1640-GUC N,AR052,price_from_eur
MODIFIED,2376,1641-KHAL AR,AR053,price_from_eur
MODIFIED,2377,1639-TER N,AR054,price_from_eur
MODIFIED,2381,1650-LAN W,WP638,price_from_eur
MODIFIED,2382,1504-DON WP,WP639,price_from_eur
MODIFIED,2383,1651-TMU W,WP640,price_from_eur
MODIFIED,2384,1652-DRC W Perfume,WP641,price_from_eur
MODIFIED,2385,1648-FRE N,AR104,price_from_eur
MODIFIED,2386,1653-MAN N,AR105,price_from_eur
MODIFIED,2393,1660-ESCE EL,EL216,price_from_eur
MODIFIED,2394,1674-KUR N,AR106,price_from_eur
MODIFIED,2395,1673-XER N,AR107,price_from_eur
MODIFIED,2396,1669-PARF N,AR108,price_from_eur
MODIFIED,2397,1670-NAS N,AR109,price_from_eur
MODIFIED,2398,1671-KIL N,AR110,price_from_eur
MODIFIED,2399,1658-GUR W,WP642,price_from_eur
MODIFIED,2400,1655-JOM EL,EL217,price_from_eur
MODIFIED,2401,1659-CHRA WP,WP643,price_from_eur
MODIFIED,2402,1657-TMU M,MP314,price_from_eur
MODIFIED,2403,1656-LOC EL,EL218,price_from_eur
MODIFIED,2404,1672-KIL N,AR111,price_from_eur
MODIFIED,2405,1678-BYR N,AR112,price_from_eur
MODIFIED,2406,1677-BYR N,AR113,price_from_eur
MODIFIED,2407,1679-BYR N,AR114,price_from_eur
MODIFIED,2408,1681-MNT N Perfume,AR115,price_from_eur
MODIFIED,2409,1680-DRC N,AR116,price_from_eur
MODIFIED,2410,1676-CAL WP,WP644,price_from_eur
MODIFIED,2411,1675-NRO WP,WP645,price_from_eur
MODIFIED,2412,1684-GIV W Perfume,WP646,price_from_eur
MODIFIED,2413,1686-PRA MP,MP315,price_from_eur
MODIFIED,2414,1683-HER W,WP647,price_from_eur
MODIFIED,2415,1682-HER W,WP648,price_from_eur
MODIFIED,2416,1685-FRE N,AR117,price_from_eur
MODIFIED,2425,1696-CRD EL,EL219,price_from_eur
MODIFIED,2426,1695-TMFO EL,EL220,price_from_eur
MODIFIED,2427,1693-BYR EL,EL221,price_from_eur
MODIFIED,2428,1699-LTN N,AR118,price_from_eur
MODIFIED,2429,1698-LEL N,AR119,price_from_eur
MODIFIED,2430,1697-LEL N,AR120,price_from_eur
MODIFIED,2436,1694-TMFO EL,EL222,price_from_eur
MODIFIED,2437,1701-TOSC WP,WP650,price_from_eur
MODIFIED,2438,1700-MNT N,AR121,price_from_eur
MODIFIED,2439,1704-CAR M,MP316,price_from_eur
MODIFIED,2440,1703-CAL MP,MP317,price_from_eur
MODIFIED,2448,1723-TMFO EL,EL223,price_from_eur
MODIFIED,2449,1722-CRD EL,EL224,price_from_eur
MODIFIED,2450,1720-LEL N,AR123,price_from_eur
MODIFIED,2451,1719-MEM N,AR124,price_from_eur
MODIFIED,2452,1718-TER N,AR125,price_from_eur
MODIFIED,2453,1721-BLG N,AR126,price_from_eur
MODIFIED,2454,1726-MNTB WP,WP651,price_from_eur
MODIFIED,2455,1729-CAR WP,WP652,price_from_eur
MODIFIED,2456,1727-LAN W,WP653,price_from_eur
MODIFIED,2457,1728-ARM W,WP654,price_from_eur
MODIFIED,2458,1730-HER W,WP655,price_from_eur
MODIFIED,2506,1733-BYR N,AR127,price_from_eur
MODIFIED,2515,1734-TMFO N,AR128,price_from_eur
MODIFIED,2516,1731-VICT WP,WP656,price_from_eur
MODIFIED,2518,1732-MIC W,WP657,price_from_eur
MODIFIED,2552,1735-XER N,AR129,price_from_eur
MODIFIED,2553,1736-PRFRO N,AR130,price_from_eur
MODIFIED,2555,1737-GIV W,WP658,price_from_eur
MODIFIED,2563,451-BYR WP,WP659,price_from_eur
MODIFIED,2598,1744-CLI WP,WP660,price_from_eur
MODIFIED,2599,1745-SERG Ν,AR132,price_from_eur
MODIFIED,2600,1746-XER N,AR133,price_from_eur
MODIFIED,2601,1747-VICT WP,WP661,price_from_eur
MODIFIED,2602,1748-BYR N,AR134,price_from_eur
MODIFIED,2603,1749-BLG N,AR135,price_from_eur
MODIFIED,2604,1750-LTN N,AR136,price_from_eur
MODIFIED,2605,1773-PRA MP,MP318,price_from_eur
MODIFIED,2606,1752-JUL N,AR137,price_from_eur
MODIFIED,2607,1775-DIP N,AR143,price_from_eur
MODIFIED,2609,1754-HER N,AR138,price_from_eur
MODIFIED,2610,1757-DIP N,AR139,price_from_eur
MODIFIED,2611,1765-JEN WP,WP662,price_from_eur
MODIFIED,2612,1763-JILS WP,WP663,price_from_eur
MODIFIED,2613,1751-GUL WP,WP664,price_from_eur
MODIFIED,2618,1755-MNT N Perfume,AR141,price_from_eur
MODIFIED,2619,1760-FRE N,AR142,price_from_eur
MODIFIED,2620,1764-GUR W,WP665,price_from_eur
MODIFIED,2622,1767 - LTN N,AR144,price_from_eur
MODIFIED,2623,1768-LTN N,AR145,price_from_eur
MODIFIED,2624,1769-LTN N,AR146,price_from_eur
MODIFIED,2625,1770-BON N,AR147,price_from_eur
MODIFIED,2626,1772-TER N,AR148,price_from_eur
MODIFIED,2627,1774-ARM W,WP666,price_from_eur
MODIFIED,2628,1776-MNT N,AR149,price_from_eur
MODIFIED,2629,1780-RCAV WP,WP667,price_from_eur
MODIFIED,2630,1759-LTN N,AR150,price_from_eur
MODIFIED,2631,1758-MNT N,AR151,price_from_eur
MODIFIED,2632,1761-DIP N,AR152,price_from_eur
MODIFIED,2633,1762-ETLR N,AR153,price_from_eur
MODIFIED,2634,1766-PEN N,AR154,price_from_eur
MODIFIED,2637,1782-DIP EL,EL225,price_from_eur
MODIFIED,2645,1784-ESC WP,WP668,price_from_eur
MODIFIED,2646,1786-COUR WP,WP669,price_from_eur
MODIFIED,2647,1789-GUC WP,WP670,price_from_eur
MODIFIED,2648,1788-YZLO W,WP671,price_from_eur
MODIFIED,2653,1785-LAN W,WP672,price_from_eur
MODIFIED,2654,1787-JIM WP,WP673,price_from_eur
MODIFIED,2655,1794-ISS,WP674,price_from_eur
MODIFIED,2657,1795-MARG AR,AR156,price_from_eur
MODIFIED,2658,1796-SERG N,AR157,price_from_eur
MODIFIED,2659,1797-INI N,AR158,price_from_eur
MODIFIED,2660,1798-AMG N,AR159,price_from_eur
MODIFIED,2661,1799-MAN N,AR160,price_from_eur
MODIFIED,2662,1800-XER N,AR161,price_from_eur
MODIFIED,2670,1492-ABE MP,MP001,price_from_eur
MODIFIED,2672,1802-JOM,EL226,price_from_eur
MODIFIED,2676,1803-DRC W,WP676,price_from_eur
MODIFIED,2677,1804-DRC EL,EL227,price_from_eur
MODIFIED,2680,1806-PARF N,AR162,price_from_eur
MODIFIED,2681,1807-PARF N,AR163,price_from_eur
MODIFIED,2683,1809-PEN N,AR165,price_from_eur
MODIFIED,2684,320-NAS EL,AR166,price_from_eur
MODIFIED,2685,1810-RAS AR,AR167,price_from_eur
MODIFIED,2686,1811-ALJA AR,AR168,price_from_eur
MODIFIED,2687,1812-ALJA AR,AR169,price_from_eur
MODIFIED,2688,DANAT AL DUNIYA - AJMAL Perfume Type,AR170,price_from_eur
MODIFIED,2689,1814-AJMA,AR171,price_from_eur
MODIFIED,2690,333-ROJ EL,AR172,price_from_eur
MODIFIED,2691,809-LTN N,AR173,price_from_eur
MODIFIED,2692,810-LTN N,AR174,price_from_eur
MODIFIED,2693,1815-PAC WP,WP677,price_from_eur
MODIFIED,2694,1816-TER N,AR175,price_from_eur
MODIFIED,2695,1817-JUL,EL228,price_from_eur
MODIFIED,2696,1801-JUL EL,EL229,price_from_eur
MODIFIED,2697,1818-FRE N,AR176,price_from_eur
MODIFIED,2698,1821-TMFO,EL230,price_from_eur
MODIFIED,2699,1823-DOL W,WP678,price_from_eur
MODIFIED,2700,1819-MIC W,WP679,price_from_eur
MODIFIED,2701,1824-VAR,MP319,price_from_eur
MODIFIED,2702,1825-CRD N,AR177,price_from_eur
MODIFIED,2703,1826-JOM,EL231,price_from_eur
MODIFIED,2704,1820-KUR N,AR178,price_from_eur
MODIFIED,2705,1822-MNT N Perfume,AR179,price_from_eur
MODIFIED,2706,1827-JOM,EL232,price_from_eur
MODIFIED,2708,1829-BOB W,WP681,price_from_eur
MODIFIED,2709,1830-TMFO,EL233,price_from_eur
MODIFIED,2710,1831-TMFO EL,EL234,price_from_eur
MODIFIED,2711,1832-TMFO,EL235,price_from_eur
MODIFIED,2712,1834-TMFO,EL236,price_from_eur
MODIFIED,2713,1835-JUL,EL237,price_from_eur
MODIFIED,2715,1836-COT,EL238,price_from_eur
MODIFIED,2716,1837-KEI N,AR180,price_from_eur
MODIFIED,2717,1838-TAU N,AR181,price_from_eur
MODIFIED,2718,1839-JOV N,AR182,price_from_eur
MODIFIED,2719,1840-JOO WP,WP682,price_from_eur
MODIFIED,2720,201-CLIV EL,AR183,price_from_eur
MODIFIED,2722,328-PEN EL,AR185,price_from_eur
MODIFIED,2724,329-PEN EL,AR186,price_from_eur
MODIFIED,2725,322-NAS EL,AR187,price_from_eur
MODIFIED,2726,197-BON EL,AR188,price_from_eur
MODIFIED,2727,198-BON EL,AR189,price_from_eur
MODIFIED,2728,1841-BAN WP,WP683,price_from_eur
MODIFIED,2729,1842-YZLO W,WP684,price_from_eur
MODIFIED,2730,1833-SALV,WP685,price_from_eur
MODIFIED,2731,190-ARM EL,EL239,price_from_eur
MODIFIED,2732,194-ARM EL,EL240,price_from_eur
MODIFIED,2733,191-ARM EL,EL241,price_from_eur
MODIFIED,2734,997-ABE MP,MP002,price_from_eur
MODIFIED,2735,1706-KIL WP,EL242,price_from_eur
MODIFIED,2736,206-CRD EL,EL243,price_from_eur
MODIFIED,2737,209-CRD EL,EL244,price_from_eur
MODIFIED,2738,212-CRD EL,EL245,price_from_eur
MODIFIED,2740,1542-JOM,EL246,price_from_eur
MODIFIED,2741,317-MNT EL Perfume,EL247,price_from_eur
MODIFIED,2742,1631-DRC EL,EL248,price_from_eur
MODIFIED,2743,543-DRC EL,EL249,price_from_eur
MODIFIED,2745,1847-LAN W,WP686,price_from_eur
MODIFIED,2746,1846-MAN EL,EL250,price_from_eur
MODIFIED,2747,1845-BYR EL,EL251,price_from_eur
MODIFIED,2748,1844-BYR EL,EL252,price_from_eur
MODIFIED,2750,1850-LEL N,AR190,price_from_eur
MODIFIED,2751,1849-PRFRO N,AR191,price_from_eur
MODIFIED,2752,1852-PRFRO N,AR192,price_from_eur
MODIFIED,2753,1856-PARF N,AR193,price_from_eur
MODIFIED,2754,1857-ESCE N,AR194,price_from_eur
MODIFIED,2755,1851-ARM N,AR195,price_from_eur
MODIFIED,2756,1855-LTN N,AR196,price_from_eur
MODIFIED,2757,1871-PEN N,AR197,price_from_eur
MODIFIED,2758,1858-KUR N,AR225,price_from_eur
MODIFIED,2759,1864-GUC WP,WP687,price_from_eur
MODIFIED,2760,1867-VER M,MP320,price_from_eur
MODIFIED,2762,1518-RAL W,WP688,price_from_eur
MODIFIED,2763,1865-YZLO W,WP689,price_from_eur
MODIFIED,2764,583-DON WP,WP690,price_from_eur
MODIFIED,2765,1860-NAS N,AR198,price_from_eur
MODIFIED,2766,1859-XER N,AR199,price_from_eur
MODIFIED,2767,1854-EXN N,AR200,price_from_eur
MODIFIED,2768,1848-LEL N,AR201,price_from_eur
MODIFIED,2769,1863-LAC W,WP691,price_from_eur
MODIFIED,2770,1862-PRA MP,MP322,price_from_eur
MODIFIED,2771,1853-KIL EL,EL253,price_from_eur
MODIFIED,2772,1890-LEL N,AR202,price_from_eur
MODIFIED,2773,1203-LOE MP,MP187,price_from_eur
MODIFIED,2780,1861-ACQ,WP692,price_from_eur
MODIFIED,2781,1889-PEN N,AR203,price_from_eur
MODIFIED,2782,1891-LEL N,AR204,price_from_eur
MODIFIED,2783,1874-LTN N,AR205,price_from_eur
MODIFIED,2784,1873-MAN EL,EL254,price_from_eur
MODIFIED,2785,1875-ESCE N,AR206,price_from_eur
MODIFIED,2786,1876-INI N,AR207,price_from_eur
MODIFIED,2787,1881-INI N,AR224,price_from_eur
MODIFIED,2788,1877-INI N,AR208,price_from_eur
MODIFIED,2789,1878-KIL EL,EL255,price_from_eur
MODIFIED,2790,1879-KIL EL,EL256,price_from_eur
MODIFIED,2791,1880-KIL EL,EL257,price_from_eur
MODIFIED,2792,1882-MARG N,AR223,price_from_eur
MODIFIED,2793,1893-CHA W,WP693,price_from_eur
MODIFIED,2794,1888-MOR N,AR209,price_from_eur
MODIFIED,2795,1884-NISH N,AR210,price_from_eur
MODIFIED,2796,1883-NISH N,AR211,price_from_eur
MODIFIED,2797,1886-PARF N,AR212,price_from_eur
MODIFIED,2798,1885-WID AR,AR213,price_from_eur
MODIFIED,2799,1887-XER N,AR214,price_from_eur
MODIFIED,2800,1892-NRO WP,WP694,price_from_eur
MODIFIED,2801,1896-ESC WP,WP695,price_from_eur
MODIFIED,2802,1895-HER M,MP323,price_from_eur
MODIFIED,2803,1828-LAN W,WP696,price_from_eur
MODIFIED,2804,1872-DOL W,WP697,price_from_eur
MODIFIED,2805,1894-MNT EL Perfume,EL258,price_from_eur
MODIFIED,2818,1915-PAC WP,WP698,price_from_eur
MODIFIED,2819,1916-VICT WP,WP699,price_from_eur
MODIFIED,2820,1917-MNTB MP,MP324,price_from_eur
MODIFIED,2823,998-ABE MP,MP003,price_from_eur
MODIFIED,2824,1753-TEDL MP,MP325,price_from_eur
MODIFIED,2825,1743-LBI WP,WP700,price_from_eur
MODIFIED,2826,1756-LBI WP,WP701,price_from_eur
MODIFIED,2857,1919-PRA WP,WP702,price_from_eur
MODIFIED,2858,1918-PAC WP,WP703,price_from_eur
MODIFIED,2859,1898-NRO WP,WP704,price_from_eur
MODIFIED,2860,1910-PRA WP,WP705,price_from_eur
MODIFIED,2861,1903-BYR LUX,LUX009,price_from_eur
MODIFIED,2872,1932-YZLO W,WP706,price_from_eur
MODIFIED,2873,1901-MOS WP,WP707,price_from_eur
MODIFIED,2874,1904-ARM N,AR215,price_from_eur
MODIFIED,2875,1907-PEN LUX,LUX010,price_from_eur
MODIFIED,2876,1902-CRD N,AR216,price_from_eur
MODIFIED,2877,1897-VICT WP,WP708,price_from_eur
MODIFIED,2878,1899-ZARK EL,EL259,price_from_eur
MODIFIED,2879,1900-AMG LUX,LUX011,price_from_eur
MODIFIED,2880,1905-AMG LUX,LUX012,price_from_eur
MODIFIED,2881,1912-AMG N,AR218,price_from_eur
MODIFIED,2882,1906-XER N,AR219,price_from_eur
MODIFIED,2883,1908-XER N,AR220,price_from_eur
MODIFIED,2884,1909-XER N,AR221,price_from_eur
MODIFIED,2885,1911-KIL N,AR222,price_from_eur
MODIFIED,2886,1913-CAR N,AR217,price_from_eur
MODIFIED,2911,SULTAN - AL HARAMAIN,AR227,price_from_eur
MODIFIED,2933,1927-AMG N,AR228,price_from_eur
MODIFIED,2934,1923-NISH N,AR229,price_from_eur
MODIFIED,2935,1924-PARF N,AR231,price_from_eur
MODIFIED,2936,1928-ROJ N,AR230,price_from_eur
MODIFIED,2938,1945-XER N,AR233,price_from_eur
MODIFIED,2939,1946-MARC N,AR234,price_from_eur
MODIFIED,2940,1922-ORT LUX,LUX013,price_from_eur
MODIFIED,2941,1950 - SWISA,AR235,price_from_eur
MODIFIED,2942,Dopamine Arabic Perfume العطور,AR236,price_from_eur
MODIFIED,2943,1870-ARDAL AR,AR237,price_from_eur
MODIFIED,2944,1951-LAT AR,AR238,price_from_eur
MODIFIED,2948,1942-LAN W,WP709,price_from_eur
MODIFIED,2949,1943-TMFO EL,EL260,price_from_eur
MODIFIED,2950,1944-KUR N,AR239,price_from_eur
MODIFIED,2964,1940-FRE EL,EL261,price_from_eur
MODIFIED,2965,1938-YZLO N,AR240,price_from_eur
MODIFIED,2966,1936-AMG N,AR241,price_from_eur
MODIFIED,2967,1935-PARF N,AR242,price_from_eur
MODIFIED,2968,1939-BYR N,AR243,price_from_eur
MODIFIED,2970,1957-PEN N,AR245,price_from_eur
MODIFIED,2971,1956-JOM EL,EL261,price_from_eur
MODIFIED,2972,1953-PEN N,AR246,price_from_eur
MODIFIED,2973,1954-CARN N,AR247,price_from_eur
MODIFIED,2974,1937-BIL AR,WP710,price_from_eur
MODIFIED,2975,1968-DOL W,WP711,price_from_eur
MODIFIED,2976,1969-DOL M,MP326,price_from_eur
MODIFIED,2977,1971-PAC MP,MP327,price_from_eur
MODIFIED,2978,1970-CHA WP,WP712,price_from_eur
MODIFIED,2982,1930-VIC M,MP328,price_from_eur
MODIFIED,2983,1964-ARB AR,AR248,price_from_eur
MODIFIED,2984,1921-VIV N,AR249,price_from_eur
MODIFIED,2985,1965-BYRP N,AR250,price_from_eur
MODIFIED,2986,1966-XER N,AR251,price_from_eur
MODIFIED,2987,1967-XER N,AR252,price_from_eur
MODIFIED,3106,1991-CHL WP,WP713,price_from_eur
MODIFIED,3107,1941-ARIA WP,WP714,price_from_eur
MODIFIED,3108,1993-DRIE N,AR253,price_from_eur
MODIFIED,3110,1992-ACQ,EL262,price_from_eur
MODIFIED,3111,1994-ROJ Ν,AR254,price_from_eur
MODIFIED,3112,1995-YZLO N,AR255,price_from_eur
MODIFIED,3113,2001-TMFO EL,EL263,price_from_eur
MODIFIED,3114,1999-MAN EL,EL264,price_from_eur
MODIFIED,3115,2000-BLG Ν,AR256,price_from_eur
MODIFIED,3116,1929-BLG Ν,AR257,price_from_eur
MODIFIED,3117,1998-LTN N,AR258,price_from_eur
MODIFIED,3118,1996-LTN N,AR259,price_from_eur
MODIFIED,3119,1997-LTN N,AR260,price_from_eur
MODIFIED,3120,2005-EXN Ν,AR261,price_from_eur
MODIFIED,3121,2004-BYR N,AR262,price_from_eur
MODIFIED,3138,2002-DRC W Perfume,WP715,price_from_eur
MODIFIED,3175,1167-HUG MP,MP329,price_from_eur
MODIFIED,3192,2006-NISH Ν,AR263,price_from_eur
MODIFIED,3199,2007-SWISA AR,AR264,price_from_eur
MODIFIED,3207,2009-MNT EL Perfume,EL270,price_from_eur
MODIFIED,3214,2018-ARM M,MP330,price_from_eur
MODIFIED,3215,2017-DIE M,MP331,price_from_eur
MODIFIED,3217,2008-EXN EL,EL269,price_from_eur
MODIFIED,3218,2010-LART EL,EL265,price_from_eur
MODIFIED,3233,2011-LTN N,AR265,price_from_eur
MODIFIED,3241,2012-DOL WP,WP716,price_from_eur
MODIFIED,3242,2013-CAC W,WP718,price_from_eur
MODIFIED,3281,1065-CHA mix 1181-GUL,MIX02,price_from_eur
MODIFIED,3295,111-BAC mix 204-CRD,MIX03,price_from_eur
MODIFIED,3301,1930-VIC mix 1039-BLG,MIX04,price_from_eur
MODIFIED,3312,1156-HER mix 137-KUR,MIX05,price_from_eur
MODIFIED,3315,401-ARIA mix 305-KAY,MIX07,price_from_eur
MODIFIED,3336,1958-DRC EL,EL266,price_from_eur
MODIFIED,3337,251-JOM mix 780-LAN,MIX06,price_from_eur
MODIFIED,3341,924-TMU W,WP717,price_from_eur
MODIFIED,3353,1972-KAY EL,EL267,price_from_eur
MODIFIED,3354,2015-MAN EL,EL268,price_from_eur
MODIFIED,3355,1973-ETLR Ν,AR266,price_from_eur
MODIFIED,3356,1974-MARG EL,EL271,price_from_eur
MODIFIED,3357,1975-ZARK EL,EL272,price_from_eur
MODIFIED,3358,1977-SHIS WP,WP719,price_from_eur
MODIFIED,3359,1978-ARM M,MP332,price_from_eur
MODIFIED,3360,1979-RAS AR,AR267,price_from_eur
MODIFIED,3361,1980-HIND AR,AR268,price_from_eur
MODIFIED,3362,1981-KHAL AR,AR269,price_from_eur
MODIFIED,3363,1982-ALEX Ν,AR270,price_from_eur
MODIFIED,3364,1958-DRC mix 1838-TAU,MIX08,price_from_eur
MODIFIED,3366,1985-WID AR,AR273,price_from_eur
MODIFIED,3367,1986-SOO Ν,AR272,price_from_eur
MODIFIED,3368,1987-SON WP,WP720,price_from_eur
MODIFIED,3369,1988-THEVE Ν,AR274,price_from_eur
MODIFIED,3370,1989-VERT N,AR275,price_from_eur
MODIFIED,3371,1990-MNT EL Perfume,EL273,price_from_eur
MODIFIED,3372,1926-KOS Ν,AR276,price_from_eur
MODIFIED,3373,1920-XER N,AR277,price_from_eur
MODIFIED,3374,2016-PARELM Ν,AR278,price_from_eur
MODIFIED,3375,2014-AZZ M,MP333,price_from_eur
MODIFIED,3376,1984-ATTAR AR,EL274,price_from_eur
MODIFIED,3440,2021-ROJ N,AR279,price_from_eur
MODIFIED,3441,2020-VICT WP,WP722,price_from_eur
MODIFIED,3443,2024-DRC N,AR280,price_from_eur
MODIFIED,3444,2025-TER Ν,AR281,price_from_eur
MODIFIED,3445,2023-PEN N,AR282,price_from_eur
MODIFIED,3446,2019-GUC WP,WP723,price_from_eur
MODIFIED,3448,2029-GUC Ν,AR283,price_from_eur
MODIFIED,3449,2026-HER W,WP725,price_from_eur
MODIFIED,3450,2027-VICT WP,WP726,price_from_eur
MODIFIED,3451,2022-ANN WP,WP727,price_from_eur
MODIFIED,3453,2028-ZARK EL,EL275,price_from_eur
MODIFIED,3454,2069-NISH Ν,AR284,price_from_eur
MODIFIED,3455,2085-CLIV Ν,AR285,price_from_eur
MODIFIED,3460,2044-LORV EL,EL276,price_from_eur
MODIFIED,3461,1931-TMFO EL,EL277,price_from_eur
MODIFIED,3462,2065-FRA EL,EL278,price_from_eur
MODIFIED,3467,2072-KIL EL,EL279,price_from_eur
MODIFIED,3468,2066-LEL Ν,AR286,price_from_eur
MODIFIED,3469,2073-LTN N,AR287,price_from_eur
MODIFIED,3470,2074-MAN EL,EL280,price_from_eur
MODIFIED,3471,2067-ROJ Ν,AR288,price_from_eur
MODIFIED,3472,2075-TMFO EL,EL281,price_from_eur
MODIFIED,3473,2039-KAY EL,EL282,price_from_eur
MODIFIED,3474,2043-VER W,WP728,price_from_eur
MODIFIED,3475,2047-KIL Ν,AR289,price_from_eur
MODIFIED,3476,2049-NISH Ν,AR290,price_from_eur
MODIFIED,3477,2050-NISH Ν,AR291,price_from_eur
MODIFIED,3478,2051-PRFRO Ν,AR292,price_from_eur
MODIFIED,3479,2071-LAN W,WP729,price_from_eur
MODIFIED,3480,2041-TMFO EL,EL283,price_from_eur
MODIFIED,3481,2086-VICT WP,WP730,price_from_eur
MODIFIED,3482,1983-ATTAR AR,EL284,price_from_eur
MODIFIED,3483,2105-MNT N Perfume,AR293,price_from_eur
MODIFIED,3484,2107-GUR N,AR294,price_from_eur
MODIFIED,3485,2106 - MARC Ν,AR295,price_from_eur
MODIFIED,3486,2104-CHA W,EL285,price_from_eur
MODIFIED,3487,2102-MOS WP,WP731,price_from_eur
MODIFIED,3488,2095-VICT WP,WP732,price_from_eur
MODIFIED,3489,2096-KEN WP,WP733,price_from_eur
MODIFIED,3490,2109-LTN N,AR296,price_from_eur
MODIFIED,3491,2099-MARG EL,EL286,price_from_eur
MODIFIED,3492,2100-MARG EL,EL287,price_from_eur
MODIFIED,3493,2098-MIC W,WP734,price_from_eur
MODIFIED,3494,2094-SHIS WP,WP735,price_from_eur
MODIFIED,3495,2103-EXN AR,AR297,price_from_eur
MODIFIED,3496,2108-BDIK AR,AR298,price_from_eur
MODIFIED,3497,2093-MNTB WP,WP736,price_from_eur
MODIFIED,3498,2101-KUR N,AR299,price_from_eur
MODIFIED,3499,2110-AMG Ν,AR300,price_from_eur
MODIFIED,3500,2111-BLG MP,MP334,price_from_eur
MODIFIED,3501,2113-XER N,AR301,price_from_eur
MODIFIED,3502,2035-HER W,WP737,price_from_eur
MODIFIED,3503,2034-MAN EL,EL288,price_from_eur
MODIFIED,3504,2033-ARM EL,EL289,price_from_eur
MODIFIED,3505,2036-GIS M,EL290,price_from_eur
MODIFIED,3506,2032-CAR EL,EL291,price_from_eur
MODIFIED,3507,2091-AMG EL,EL292,price_from_eur
MODIFIED,3508,2092-MAN EL,EL293,price_from_eur
MODIFIED,3509,2090-MNT EL Fragrance,EL294,price_from_eur
MODIFIED,3510,2112-GUC MP,MP335,price_from_eur
MODIFIED,3512,2129-SOL EL,EL295,price_from_eur
MODIFIED,3513,2052-CAR WP,WP738,price_from_eur
MODIFIED,3514,2123-KIL EL,EL296,price_from_eur
MODIFIED,3515,2114-HER N,AR302,price_from_eur
MODIFIED,3516,2122-GUR EL,EL297,price_from_eur
MODIFIED,3517,2120-CAR EL,EL298,price_from_eur
MODIFIED,3518,2121-CAR EL,EL299,price_from_eur
MODIFIED,3519,2124-CAR EL,EL300,price_from_eur
MODIFIED,3520,2118-GUC WP,WP739,price_from_eur
MODIFIED,3521,2115-EST WP,WP740,price_from_eur
MODIFIED,3522,2117-YZLO W,WP741,price_from_eur
MODIFIED,3523,2116-ARM W,WP742,price_from_eur
MODIFIED,3524,2119-ARM W,WP743,price_from_eur
MODIFIED,3525,2037-VICT WP,WP744,price_from_eur
MODIFIED,3526,2038-TMFO EL,EL301,price_from_eur
MODIFIED,3527,2040-AMG EL,EL302,price_from_eur
MODIFIED,3528,2053-BDIK Ν,AR303,price_from_eur
MODIFIED,3529,2045-HER W,WP745,price_from_eur
MODIFIED,3530,2046-VICT WP,WP746,price_from_eur
MODIFIED,3531,2048-KIL EL,EL303,price_from_eur
MODIFIED,3532,2054-CAR MP,MP336,price_from_eur
MODIFIED,3533,2055-BAT WP,WP747,price_from_eur
MODIFIED,3534,2056-ARIA WP,WP748,price_from_eur
MODIFIED,3535,2126-GIV EL,EL304,price_from_eur
MODIFIED,3536,2125-TRU EL,EL305,price_from_eur
MODIFIED,3537,2127-HUG MP,MP337,price_from_eur
MODIFIED,3538,2128-BEN MP,MP338,price_from_eur
MODIFIED,3563,2136-PARF Ν,AR304,price_from_eur
MODIFIED,3564,2130-AMG N,AR305,price_from_eur
MODIFIED,3565,2131-CRD EL,EL306,price_from_eur
MODIFIED,3566,2132-DRC N Perfrume,AR306,price_from_eur
MODIFIED,3567,2133 - FRE N,AR307,price_from_eur
MODIFIED,3568,2134-MEM Ν,AR308,price_from_eur
MODIFIED,3569,2135-KUR N,AR309,price_from_eur
MODIFIED,3570,2137-ROJ Ν,AR310,price_from_eur
MODIFIED,3571,2138-TMFO EL,EL307,price_from_eur
MODIFIED,3572,2139-XER N,AR311,price_from_eur
MODIFIED,3573,2140-XER N,AR312,price_from_eur
MODIFIED,3574,2142-PARF Ν,AR313,price_from_eur
MODIFIED,3587,2144-ARM M,MP339,price_from_eur
MODIFIED,3588,2141-LTN N,AR314,price_from_eur
MODIFIED,3589,2143-XER N,AR315,price_from_eur
MODIFIED,3590,2057-ESCE EL,EL308,price_from_eur
MODIFIED,3592,2147-TMFO EL,EL309,price_from_eur
MODIFIED,3593,2150-LEL EL,EL310,price_from_eur
MODIFIED,3595,2149-ESC WP,WP749,price_from_eur
MODIFIED,3596,2148-BAT WP,WP750,price_from_eur
MODIFIED,3597,2152-XER N,AR316,price_from_eur
MODIFIED,3599,2061-YZLO W,WP751,price_from_eur
MODIFIED,3600,2059-NARC Ν,AR318,price_from_eur
MODIFIED,3601,2063-MNT EL Perfrume,EL311,price_from_eur
MODIFIED,3602,2151-GIV M,MP340,price_from_eur
MODIFIED,3603,2060-BAT MP,MP341,price_from_eur
MODIFIED,3616,2158-MNT EL,EL312,price_from_eur
MODIFIED,3617,2156-NRO WP,WP752,price_from_eur
MODIFIED,3618,2155-KAY EL,EL316,price_from_eur
MODIFIED,3619,2159-CAR EL,EL313,price_from_eur
MODIFIED,3621,2153-KAY EL,EL314,price_from_eur
MODIFIED,3622,2154-KAY EL,EL315,price_from_eur
MODIFIED,3623,2157-BLG EL,EL317,price_from_eur
MODIFIED,3627,412-BOD WP,WP753,price_from_eur
MODIFIED,3628,2097-ACQ WP,WP754,price_from_eur
MODIFIED,3629,2170-BOA Ν,AR319,price_from_eur
MODIFIED,3630,2171-XER N,AR320,price_from_eur
MODIFIED,3632,2175-ESCE AR,EL318,price_from_eur
MODIFIED,3635,1771-EMAN EL,EL319,price_from_eur
MODIFIED,3638,2174-ZIE WP,WP755,price_from_eur
MODIFIED,3641,KASHKHA - SWISS ARABIAN Inspired Perfrume,UAE002,price_from_eur
MODIFIED,3645,SUKAR - ANFASIC DOKHOON Arabic Perfrume,UAE001,price_from_eur
MODIFIED,3660,887-RCAV WP,WP756,price_from_eur
MODIFIED,3661,2165-KAY EL,EL320,price_from_eur
MODIFIED,3667,1868-VER M,MP342,price_from_eur
MODIFIED,3669,2179-PEN N,AR321,price_from_eur
MODIFIED,3670,2177-SERG Ν,AR322,price_from_eur
MODIFIED,3671,2176-TMFO EL,EL321,price_from_eur
MODIFIED,3672,2178-MON EL,EL322,price_from_eur
MODIFIED,3673,2183-MIY WP,WP757,price_from_eur
MODIFIED,3674,2182-JOM EL,EL323,price_from_eur
MODIFIED,3675,2181-AMG Ν,AR323,price_from_eur
MODIFIED,3676,2180-VAL WP,WP758,price_from_eur
MODIFIED,3681,2185-DRC M,MP344,price_from_eur
MODIFIED,3682,2188-INI N,AR324,price_from_eur
MODIFIED,3683,2187-INI N,AR325,price_from_eur
MODIFIED,3684,2184-KIL Ν,AR326,price_from_eur
MODIFIED,3685,2186-PARF Ν,AR327,price_from_eur
MODIFIED,3686,2190-ROJ Ν,AR329,price_from_eur
MODIFIED,3687,2162-BRB WP,WP759,price_from_eur
MODIFIED,3717,2199-LAT Ν,AR330,price_from_eur
MODIFIED,3724,2208-TMU W,WP760,price_from_eur
MODIFIED,3725,2196-BYR N,AR331,price_from_eur
MODIFIED,3726,2195-LEL Ν,AR332,price_from_eur
MODIFIED,3727,2192-LTN N,AR333,price_from_eur
MODIFIED,3728,2193-LTN N,AR334,price_from_eur
MODIFIED,3729,2191-XER N,AR335,price_from_eur
MODIFIED,3730,2198-MNT N Perfume,AR336,price_from_eur
MODIFIED,3731,2197-MNT EL Perfume,EL324,price_from_eur
MODIFIED,3732,2194-ORT Ν,AR337,price_from_eur
MODIFIED,3784,2160-ZAR WP,WP762,price_from_eur
MODIFIED,3785,2205-TMU W,WP761,price_from_eur
MODIFIED,3786,2167-GUL MP,MP345,price_from_eur
MODIFIED,3787,2204-TMFO N,AR338,price_from_eur
MODIFIED,3788,2164-LAT EL,EL325,price_from_eur
MODIFIED,3789,2203-ARM EL,EL326,price_from_eur
MODIFIED,3790,2201-LTN L,LUX014,price_from_eur
MODIFIED,3791,2206-GIA LUX,LUX015,price_from_eur
MODIFIED,3792,2161-GUR W,WP763,price_from_eur
MODIFIED,3793,2210-JOM EL,EL327,price_from_eur
MODIFIED,3794,2211-YZLO M,MP346,price_from_eur
MODIFIED,3795,2215-CAR WP,WP764,price_from_eur
MODIFIED,3796,2168-MARG EL,EL328,price_from_eur
MODIFIED,3797,2209-MATIE MP,MP347,price_from_eur
MODIFIED,3798,2202-ROJ Ν,AR339,price_from_eur
MODIFIED,3799,2163-SNI LUX,LUX016,price_from_eur
MODIFIED,3802,2214-CAR EL,EL329,price_from_eur
MODIFIED,3803,2219-AJMA EL,EL330,price_from_eur
MODIFIED,3804,HAYATI - AL HARAMAIN Arabic Perfume,AR340,price_from_eur
MODIFIED,3805,2230-VAR MP,MP348,price_from_eur
MODIFIED,3806,2232-PEN N,AR341,price_from_eur
MODIFIED,3807,2233-YZLO M,MP349,price_from_eur
MODIFIED,3808,2169-ROJ Ν,AR342,price_from_eur
MODIFIED,3809,2222-AMG EL,EL331,price_from_eur
MODIFIED,3810,2212-AMG EL,EL332,price_from_eur
MODIFIED,3811,2231-NISH Ν,AR343,price_from_eur
MODIFIED,3812,2207-BLG Ν,AR344,price_from_eur
MODIFIED,3813,2213-AMG EL,EL333,price_from_eur
MODIFIED,3814,2216-DOL WP,WP765,price_from_eur
MODIFIED,3815,2217-NRO WP,WP766,price_from_eur
MODIFIED,3816,2227-CRD EL,EL334,price_from_eur
MODIFIED,3817,2221-AMG EL,EL335,price_from_eur
MODIFIED,3818,2224-ARM W,WP767,price_from_eur
MODIFIED,3819,2218-ARM EL,EL336,price_from_eur
MODIFIED,3820,2225-BON Ν,AR345,price_from_eur
MODIFIED,3821,2226-BON EL,EL337,price_from_eur
MODIFIED,3822,2223-AMG Ν,AR346,price_from_eur
MODIFIED,3823,2228-ESCE EL,EL338,price_from_eur
MODIFIED,3824,2229-ESCE EL,EL339,price_from_eur
MODIFIED,3825,2240-PAC M,MP352,price_from_eur
MODIFIED,3826,2241-GUL WP,WP768,price_from_eur
MODIFIED,3827,2234-MON WP,WP769,price_from_eur
MODIFIED,3828,2235-PRA WP,WP770,price_from_eur
MODIFIED,3829,2236-NISH Ν,AR347,price_from_eur
MODIFIED,3830,2237-VER W,WP771,price_from_eur
MODIFIED,3831,2253-ALEX Ν,AR348,price_from_eur
MODIFIED,3832,2252-KIL Ν,AR349,price_from_eur
MODIFIED,3833,2242-THESPD Ν,AR350,price_from_eur
MODIFIED,3834,2243-TMFO N,AR351,price_from_eur
MODIFIED,3835,2244-ARM N,AR352,price_from_eur
MODIFIED,3836,2245-KUR N,AR353,price_from_eur
MODIFIED,3837,2246-GUC WP,WP772,price_from_eur
MODIFIED,3838,2247-LTN L,LUX017,price_from_eur
MODIFIED,3839,2248-BYR EL,EL340,price_from_eur
MODIFIED,3840,2251-JOVP Ν,AR354,price_from_eur
MODIFIED,3841,2250-ARBAS WP,WP773,price_from_eur
MODIFIED,3842,2249-BYR N,AR355,price_from_eur
MODIFIED,3857,2003-KIL EL,EL341,price_from_eur
MODIFIED,3890,2261-PARF Ν,AR356,price_from_eur
MODIFIED,3891,2259-GIV M Perfume,MP353,price_from_eur
MODIFIED,3894,2263-NAS Ν,AR357,price_from_eur
MODIFIED,3899,2258-DRC M,MP354,price_from_eur
MODIFIED,3900,2255-VER W,WP774,price_from_eur
MODIFIED,3901,2262-MEM Ν,AR358,price_from_eur
MODIFIED,3902,1866-GUC WP,WP775,price_from_eur
MODIFIED,3904,2265-KAY EL,EL342,price_from_eur
MODIFIED,3905,2266-KAY EL,EL343,price_from_eur
MODIFIED,3906,2264-KAY EL,EL344,price_from_eur
MODIFIED,3907,2267-KAY EL,EL345,price_from_eur
MODIFIED,3908,2254-VER W,WP776,price_from_eur
MODIFIED,3909,2260-BON Ν,AR359,price_from_eur
MODIFIED,3910,2257-YZLO W,WP777,price_from_eur
MODIFIED,3912,2280-XER N,AR360,price_from_eur
MODIFIED,3913,2279-LEL LUX,LUX019,price_from_eur
MODIFIED,3914,2281-GUR N,AR361,price_from_eur
MODIFIED,3915,2282 - DRC EL,EL346,price_from_eur
MODIFIED,3916,2283-XER N,AR362,price_from_eur
MODIFIED,3917,2284-HIS,AR363,price_from_eur
MODIFIED,3918,2268-AMG Ν,AR364,price_from_eur
MODIFIED,3919,2269-ARB Ν,AR365,price_from_eur
MODIFIED,3920,2270-ORMO Ν,AR366,price_from_eur
MODIFIED,3921,1532-ROJ AR-LUX,LUX020,price_from_eur
MODIFIED,3922,2286-YZLO EL,EL347,price_from_eur
MODIFIED,3923,1925-PEN N,AR367,price_from_eur
MODIFIED,3924,2275-ROJ Ν,AR368,price_from_eur
MODIFIED,3926,2274-XER N,AR370,price_from_eur
MODIFIED,3928,2278-BLG WP,WP778,price_from_eur
MODIFIED,3929,2271-ROJ Ν,AR371,price_from_eur
MODIFIED,3930,2294-ACQ EL,EL348,price_from_eur
MODIFIED,3931,2293-ACQ EL,EL349,price_from_eur
MODIFIED,3932,2287-VAL WP,WP779,price_from_eur
MODIFIED,3933,2276-ATKI Ν,AR372,price_from_eur
MODIFIED,3934,2273-TER Ν,AR373,price_from_eur
MODIFIED,3935,2277-AMG Ν,AR374,price_from_eur
MODIFIED,3936,2285-BOT WP,WP780,price_from_eur
MODIFIED,3937,2295-FLOR Ν,AR375,price_from_eur
MODIFIED,3938,2298-ELEC Ν,AR376,price_from_eur
MODIFIED,3939,2297-BYR N,AR377,price_from_eur
MODIFIED,3940,2299-LEL EL,EL350,price_from_eur
MODIFIED,3941,2300-MNT EL,EL351,price_from_eur
MODIFIED,3942,2296-KAY EL,EL352,price_from_eur
MODIFIED,3943,2301-DIP N,AR378,price_from_eur
MODIFIED,3949,2307-AQU WP,WP781,price_from_eur
MODIFIED,3950,2309-ATKI Ν,AR379,price_from_eur
MODIFIED,3951,2305-ATKI Ν,AR380,price_from_eur
MODIFIED,3952,2302-CARO MP,MP355,price_from_eur
MODIFIED,3953,2308-GUL MP,MP356,price_from_eur
MODIFIED,3954,2304-YZLO EL,EL353,price_from_eur
MODIFIED,3955,2306-MASQ Ν,AR381,price_from_eur
MODIFIED,3956,2310-CAR MP,MP357,price_from_eur
MODIFIED,3957,2314-CAR WP,WP782,price_from_eur
MODIFIED,3958,2313 - DRC M,MP358,price_from_eur
MODIFIED,3960,2303-EXN Ν,AR382,price_from_eur
MODIFIED,3961,2345-DIP WP,WP783,price_from_eur
MODIFIED,3962,2311-YVRO WP,WP784,price_from_eur
MODIFIED,3963,2312-YZLO W,WP785,price_from_eur
MODIFIED,3964,2325-CRD N,AR383,price_from_eur
MODIFIED,3965,2327-SWISA Ν,AR384,price_from_eur
MODIFIED,3966,2346-TMFO EL,EL354,price_from_eur
MODIFIED,3967,2330-JUL Ν,AR385,price_from_eur
MODIFIED,3969,2337-LEL Ν,AR386,price_from_eur
MODIFIED,3985,2272-TAU LUX,LUX021,price_from_eur
MODIFIED,3987,2349-LOU WP,WP786,price_from_eur
MODIFIED,3988,2350-LOU WP,WP787,price_from_eur
MODIFIED,3989,2351-LOU WP,WP788,price_from_eur
MODIFIED,4009,2348-AMG Ν,AR387,price_from_eur
MODIFIED,4010,2323-MICA EL,EL355,price_from_eur
MODIFIED,4011,2322-MNT N Perfume,AR388,price_from_eur
MODIFIED,4012,2321-PARF Ν,AR389,price_from_eur
MODIFIED,4013,2320-LTN N,AR390,price_from_eur
MODIFIED,4014,2332-LTN N,AR391,price_from_eur
MODIFIED,4015,2319-LTN N,AR392,price_from_eur
MODIFIED,4016,2352-MOS MP,MP359,price_from_eur
MODIFIED,4021,2318-NAS Ν,AR393,price_from_eur
MODIFIED,4022,2317-TER Ν,AR394,price_from_eur
MODIFIED,4023,2316-ATKI Ν,AR395,price_from_eur
MODIFIED,4024,2315-RAM EL,EL356,price_from_eur
MODIFIED,4036,2344-LEL Ν,AR396,price_from_eur
MODIFIED,4037,2358-KAY EL,EL357,price_from_eur
MODIFIED,4038,2357-CRD EL,EL358,price_from_eur
MODIFIED,4080,2324-KIL Ν,AR397,price_from_eur
MODIFIED,4081,2360-ARM W,WP790,price_from_eur
MODIFIED,4082,2326-TMFO EL,EL359,price_from_eur
MODIFIED,4083,2355-LEL Ν,AR398,price_from_eur
MODIFIED,4084,2354-CRD EL,EL360,price_from_eur
MODIFIED,4085,2359-XER N,AR399,price_from_eur
MODIFIED,4086,2361-ARM M,MP360,price_from_eur
MODIFIED,4087,2356-MARG N,AR400,price_from_eur
MODIFIED,4088,2062-PAC MP,MP361,price_from_eur
MODIFIED,4089,2088-YZLO M,MP362,price_from_eur
MODIFIED,4090,1481-EON MP,MP363,price_from_eur
MODIFIED,4091,2369-MAN EL,EL361,price_from_eur
MODIFIED,4092,2364-PEN N,AR401,price_from_eur
MODIFIED,4093,2368-ESC WP,WP789,price_from_eur
MODIFIED,4094,2339-KIL EL,EL362,price_from_eur
MODIFIED,4095,2365-DIP N,AR402,price_from_eur
MODIFIED,4096,2366-DIP N,AR403,price_from_eur
MODIFIED,4097,2371-MATIE EL,EL363,price_from_eur
MODIFIED,4098,2362-VER W,WP791,price_from_eur
MODIFIED,4099,2363-VER W,WP792,price_from_eur
MODIFIED,4100,2370-VIC W,WP793,price_from_eur
MODIFIED,4101,2367-DIP Ν,AR404,price_from_eur
MODIFIED,4102,2347-AMG Ν,AR405,price_from_eur
MODIFIED,4103,2336-THAM N,AR406,price_from_eur
MODIFIED,4104,2335-BOA Ν,AR407,price_from_eur
MODIFIED,4105,2334-ROJ Ν,AR408,price_from_eur
MODIFIED,4106,2333-XER N,AR409,price_from_eur
MODIFIED,4107,2340-BON Ν,AR410,price_from_eur
MODIFIED,4108,2374-MICA EL,EL364,price_from_eur
MODIFIED,4109,2378-GOLD Ν,AR411,price_from_eur
MODIFIED,4110,2376-TMU M,MP364,price_from_eur
MODIFIED,4111,2377-VICT WP,WP794,price_from_eur
MODIFIED,4112,2379-CAR WP,WP795,price_from_eur
MODIFIED,4113,2384-MAN EL,EL365,price_from_eur
MODIFIED,4114,2383-ROCCO W,WP796,price_from_eur
MODIFIED,4115,2386-SOL EL,EL367,price_from_eur
MODIFIED,4116,2385-SOL EL,EL366,price_from_eur
MODIFIED,4117,2288-BAT W,WP797,price_from_eur
MODIFIED,4118,2389-DOL EL,EL368,price_from_eur
MODIFIED,4119,2390-ANFAS Ν,AR413,price_from_eur
MODIFIED,4120,2392-ANFAS Ν,AR412,price_from_eur
MODIFIED,4121,2387-EXN Ν,AR414,price_from_eur
MODIFIED,4122,2391-XER N,AR415,price_from_eur
MODIFIED,4123,2388-PARF Ν,AR417,price_from_eur
MODIFIED,4125,2393-KAY EL,EL369,price_from_eur
MODIFIED,4126,2401-KAY EL,EL370,price_from_eur
MODIFIED,4127,2394-MOS WP,WP798,price_from_eur
MODIFIED,4128,2396-GUL WP,WP799,price_from_eur
MODIFIED,4129,2406-KIL EL,EL372,price_from_eur
MODIFIED,4130,2403-MNT EL Perfume,EL371,price_from_eur
MODIFIED,4131,2407-LAN W,WP800,price_from_eur
MODIFIED,4132,2405-JOM EL,EL373,price_from_eur
MODIFIED,4134,2395-XER N,AR418,price_from_eur
MODIFIED,4135,2404-FRANB Ν,AR419,price_from_eur
MODIFIED,4136,2398-FRE LUX,LUX022,price_from_eur
MODIFIED,4137,2402-AKR EL,EL375,price_from_eur
MODIFIED,4138,2399-MORH Ν,AR420,price_from_eur
MODIFIED,4139,2400-MORH Ν,AR421,price_from_eur
MODIFIED,4140,2410-GUL MP,MP365,price_from_eur
MODIFIED,4141,2408-JOM EL,EL376,price_from_eur
MODIFIED,4142,2409-TMU M,MP366,price_from_eur
MODIFIED,4144,2422-XER N,AR422,price_from_eur
MODIFIED,4145,2421-XER Ν,AR423,price_from_eur
MODIFIED,4146,2420-XER N,AR424,price_from_eur
MODIFIED,4147,2411-JAME EL,EL377,price_from_eur
MODIFIED,4148,2372-GUR W,WP801,price_from_eur
MODIFIED,4149,2412-LAT N,AR425,price_from_eur
MODIFIED,4150,2436-PHL Ν,AR426,price_from_eur
MODIFIED,4151,2428-MARG Ν,AR427,price_from_eur
MODIFIED,4152,2418-ACQ WP,WP802,price_from_eur
MODIFIED,4153,2423-ACQ WP,WP803,price_from_eur
MODIFIED,4154,2417-ACQ WP,WP804,price_from_eur
MODIFIED,4155,2414-DIP Ν,AR428,price_from_eur
MODIFIED,4156,2430-CELI Ν,AR430,price_from_eur
MODIFIED,4157,2429-JUL WP,WP805,price_from_eur
MODIFIED,4158,2416-HER W,WP806,price_from_eur
MODIFIED,4159,2415-ESC WP,WP807,price_from_eur
MODIFIED,4160,2419-BAT WP,WP808,price_from_eur
MODIFIED,4161,2424-GUR W,WP809,price_from_eur
MODIFIED,4162,2425-LEL LUX,LUX023,price_from_eur
MODIFIED,4163,2426-MARG EL,EL378,price_from_eur
MODIFIED,4164,2427-CLEA EL,EL379,price_from_eur
MODIFIED,4165,2397-CRD N,AR429,price_from_eur
MODIFIED,4166,2437-MELA EL,EL380,price_from_eur
MODIFIED,4168,2442-PAC MP,MP367,price_from_eur
MODIFIED,4169,2439-ZEG Ν,AR430,price_from_eur
MODIFIED,4170,2431-ROJ Ν,AR431,price_from_eur
MODIFIED,4171,2440-MARC Ν,AR432,price_from_eur
MODIFIED,4172,2441-PANTRO Ν,AR433,price_from_eur
MODIFIED,4174,2443-BRB WP,WP810,price_from_eur
MODIFIED,4175,2445-CAR WP,WP811,price_from_eur
MODIFIED,4176,2447-MARC N,AR434,price_from_eur
MODIFIED,4177,2446-XER N,AR435,price_from_eur
MODIFIED,4178,2444-ARIA WP,WP812,price_from_eur
MODIFIED,4179,2413-ARIA WP,WP813,price_from_eur
MODIFIED,4180,2432-ROJ N,AR436,price_from_eur
MODIFIED,4181,2450-PEN N,AR437,price_from_eur
MODIFIED,4182,2452-JOM EL,EL381,price_from_eur
MODIFIED,4183,2451-LEL N,AR438,price_from_eur
MODIFIED,4184,2453-INI N,AR439,price_from_eur
MODIFIED,4185,2454-KIL Ν,AR440,price_from_eur
MODIFIED,4186,2455-YZLO W,WP814,inspired_by|price_from_eur
MODIFIED,4187,2456-PAC WP,WP815,price_from_eur
MODIFIED,4188,2461-BOD WP,WP816,price_from_eur
MODIFIED,4189,2460-PAC WP,WP817,price_from_eur
MODIFIED,4190,2459-MAN EL,EL382,price_from_eur
MODIFIED,4191,2466-ELIZ EL,EL383,price_from_eur
MODIFIED,4197,374-TMFO mix 350-TMFO,MIX09,price_from_eur
MODIFIED,4198,2464-ZAD MP,MP368,price_from_eur
MODIFIED,4199,2465-PAC MP,MP369,price_from_eur
MODIFIED,4200,2463-GUC WP,WP818,price_from_eur
MODIFIED,4201,2462-YZLO W,WP819,price_from_eur
MODIFIED,4202,2467-NISH N,AR441,price_from_eur
MODIFIED,4203,2468-ESPAR N,AR442,price_from_eur
MODIFIED,4204,2469-ROJ N,AR443,price_from_eur
MODIFIED,4205,2472-VIC W,WP820,price_from_eur
MODIFIED,4206,2471-SOS N,AR444,price_from_eur
MODIFIED,4207,2470-KAY EL,EL384,price_from_eur
MODIFIED,4208,2473-HER W,WP821,price_from_eur
MODIFIED,4209,2499-VICT WP,WP822,price_from_eur
MODIFIED,4210,2474-XER EL,EL385,price_from_eur
MODIFIED,4211,2497-XER Ν,AR445,price_from_eur
MODIFIED,4212,2491-LEL N,AR446,price_from_eur
MODIFIED,4213,2509-CRIVEL N,AR447,price_from_eur
MODIFIED,4214,2513-PAC MP,MP370,price_from_eur
MODIFIED,4215,2514 - DRC M,MP371,price_from_eur
MODIFIED,4216,2518-MATAH N,AR448,price_from_eur
MODIFIED,4217,2507-SERG N,AR449,price_from_eur
MODIFIED,4218,2496-SERG N,AR450,price_from_eur
MODIFIED,4219,2495-ETLR N,AR451,price_from_eur
MODIFIED,4220,2484-ETLR N,AR452,price_from_eur
MODIFIED,4221,2475-DIP N,AR453,price_from_eur
MODIFIED,4222,2500-BRB W,WP823,price_from_eur
MODIFIED,4223,2501-LOE W,WP824,price_from_eur
MODIFIED,4224,2515-LAN W,WP825,price_from_eur
MODIFIED,4226,2512-BRB W,WP826,price_from_eur
MODIFIED,4227,2506-XER N,AR454,price_from_eur
MODIFIED,4228,2511-CHA EL,EL386,price_from_eur
MODIFIED,4229,2505-JACFAT N,AR455,price_from_eur
MODIFIED,4230,2504-JUL EL,EL387,price_from_eur
MODIFIED,4231,2503-JUL EL,EL388,price_from_eur
MODIFIED,4232,2479-PHL N,AR456,price_from_eur
MODIFIED,4233,2480-JUL N,AR457,price_from_eur
MODIFIED,4234,2482-CLEA EL,EL389,price_from_eur
MODIFIED,4235,2483-CLEA EL,EL390,price_from_eur
MODIFIED,4236,2486-MA EL,EL391,price_from_eur
MODIFIED,4237,2488-ANN W,WP827,price_from_eur
MODIFIED,4238,2489-KKWI EL,EL392,price_from_eur
MODIFIED,4239,2490-MARG N,AR458,price_from_eur
MODIFIED,4240,2492-ETLR N,AR459,price_from_eur
MODIFIED,4241,2493-SERG N,AR460,price_from_eur
MODIFIED,4242,2494-BYR N,AR461,price_from_eur
MODIFIED,4243,2517-MNTB M,MP372,price_from_eur
MODIFIED,4244,2519-MNT EL,EL393,price_from_eur
MODIFIED,4245,2522-VIC M,MP373,price_from_eur
MODIFIED,4246,2476-MARG N,AR462,price_from_eur
MODIFIED,4247,2477-MARG N,AR463,price_from_eur
MODIFIED,4250,2478-MARG EL,EL394,price_from_eur
MODIFIED,4251,2481-MARG EL,EL395,price_from_eur
MODIFIED,4252,2541-STE N,AR464,price_from_eur
MODIFIED,4253,2540-COM M,MP374,price_from_eur
MODIFIED,4254,2521-SOL EL,EL396,price_from_eur
MODIFIED,4255,2520-PEN EL,EL397,price_from_eur
MODIFIED,4256,2538-GUL M,MP375,price_from_eur
MODIFIED,4257,2539-CRIVEL N,AR465,price_from_eur
MODIFIED,4258,2532-PRA N,AR466,price_from_eur
MODIFIED,4259,2531-CAR M,MP376,price_from_eur
MODIFIED,4260,2542-FUR W,WP828,price_from_eur
MODIFIED,4261,2528-JER N,AR467,price_from_eur
MODIFIED,4262,2485-ETLR N,AR468,price_from_eur
MODIFIED,4263,2564-NRO W,WP829,price_from_eur
MODIFIED,4264,2534-ARM W,WP830,price_from_eur
MODIFIED,4269,2549-MARC EL,EL398,price_from_eur
MODIFIED,4270,2550-ARM M,MP377,price_from_eur
MODIFIED,4272,2570-JOM EL,EL399,price_from_eur
MODIFIED,4273,2558-LAT EL,EL400,price_from_eur
MODIFIED,4274,2563-TMFO EL,EL401,price_from_eur
MODIFIED,4277,2571-GOLD N,AR469,price_from_eur
MODIFIED,4278,2569-GOLD N,AR470,price_from_eur
MODIFIED,4279,2536-PRA W,WP831,price_from_eur
MODIFIED,4280,2545-MEM N,AR471,price_from_eur
MODIFIED,4281,2546-MEM N,AR472,price_from_eur
MODIFIED,4283,2567-SOL EL,EL403,price_from_eur
MODIFIED,4284,2557-ARIA W,WP832,price_from_eur
MODIFIED,4285,2556-LAT EL,EL404,price_from_eur
MODIFIED,4286,2554-JOM EL,EL405,price_from_eur
MODIFIED,4288,2559-LAT EL,EL406,price_from_eur
MODIFIED,4289,2524-KAY EL,EL407,price_from_eur
MODIFIED,4303,2526-KAY EL,EL408,price_from_eur
MODIFIED,4304,2380-CAR W,WP833,price_from_eur
MODIFIED,4305,1194-KIL N,AR473,price_from_eur
MODIFIED,4321,2487-PEN N,AR474,price_from_eur
MODIFIED,4322,2498-TOUZ W,WP834,price_from_eur
MODIFIED,4323,2502-MATIE N,AR475,price_from_eur
MODIFIED,4324,2508-DRC N,AR476,price_from_eur
MODIFIED,4325,2510-ONE W,WP835,price_from_eur
MODIFIED,4326,2516-GUL M,MP378,price_from_eur
MODIFIED,4327,2547-KUR N,AR477,price_from_eur
MODIFIED,4328,2548-RIT EL,EL409,price_from_eur
MODIFIED,4329,2523-KIL EL,EL410,price_from_eur
MODIFIED,4330,2525-CAR EL,EL411,price_from_eur
MODIFIED,4331,2527-GUR EL,EL412,price_from_eur
MODIFIED,4332,2543-HUG M,MP379,price_from_eur
MODIFIED,4333,2544-ACQ W,WP836,price_from_eur
MODIFIED,4336,2551-PAR EL,EL413,price_from_eur
MODIFIED,4337,2561-SOM N,AR478,price_from_eur
MODIFIED,4338,2565-GUC MP,MP380,price_from_eur
MODIFIED,4339,2566-VER M,MP381,price_from_eur
MODIFIED,4340,2568-GIV W,WP837,price_from_eur
MODIFIED,4341,2588-BLG N,AR479,price_from_eur
MODIFIED,4342,2589-BYRP N,AR480,price_from_eur
MODIFIED,4343,2590-BYRP N,AR481,price_from_eur
MODIFIED,4344,2591-CRD EL,EL414,price_from_eur
MODIFIED,4345,2592-GOLD N,AR482,price_from_eur
MODIFIED,4346,2593-HUG M,MP382,price_from_eur
MODIFIED,4347,2594-HUG M,MP383,price_from_eur
MODIFIED,4348,2595-INI N,AR483,price_from_eur
MODIFIED,4349,2596-PEN N,AR484,price_from_eur
MODIFIED,4350,2597-TMFO N,AR485,price_from_eur
MODIFIED,4351,2572-KUR N,AR486,price_from_eur
MODIFIED,4352,2573-KAY EL,EL415,price_from_eur
MODIFIED,4353,2574-MEM N,AR487,price_from_eur
MODIFIED,4355,2576-TMFO LUX,LUX024,price_from_eur
MODIFIED,4356,2577-DOL W,WP838,price_from_eur
MODIFIED,4357,2578-DON W,WP839,price_from_eur
MODIFIED,4358,2579-SOS N,AR489,price_from_eur
MODIFIED,4359,2580-KAY EL,EL416,price_from_eur
MODIFIED,4360,2533-RAL W,WP840,price_from_eur
MODIFIED,4361,2535-DRC W,WP841,price_from_eur
MODIFIED,4362,2537-DRC W,WP842,price_from_eur
MODIFIED,4363,2529-VER M,MP384,price_from_eur
MODIFIED,4364,2552-SOR N,AR490,price_from_eur
MODIFIED,4365,2553-BON N,AR491,price_from_eur
MODIFIED,4366,2587-MAR W,WP843,price_from_eur
MODIFIED,4367,2586-DIP EL,EL417,price_from_eur
MODIFIED,4368,2585-SOL EL,EL418,price_from_eur
MODIFIED,4369,2584-GIV W,WP844,price_from_eur
MODIFIED,4370,2581-GUR LUX,LUX025,price_from_eur
MODIFIED,4371,2582-PIER LUX,LUX026,price_from_eur
MODIFIED,4372,2583-INI N,AR492,price_from_eur
MODIFIED,4373,2555-BON N,AR493,price_from_eur
MODIFIED,4374,2560-JUSB N,AR494,price_from_eur
MODIFIED,4375,2562-JUSB N,AR495,price_from_eur
MODIFIED,4385,2438-KYLJ W,WP845,price_from_eur
MODIFIED,4386,490-CRT W,WP846,price_from_eur
MODIFIED,4387,1702-KUR N,AR496,price_from_eur
MODIFIED,4388,2375-ESC W,WP847,price_from_eur
MODIFIED,4389,2600-TMU W,WP848,price_from_eur
MODIFIED,4390,2601-TMU W,WP849,price_from_eur
MODIFIED,4391,2602-TMU W,WP850,price_from_eur
MODIFIED,4392,2607-TMU W,WP851,price_from_eur
MODIFIED,4394,2604-JILS M,MP385,price_from_eur
MODIFIED,4395,2575-XER LUX,LUX027,price_from_eur
MODIFIED,4406,2603-JUL EL,EL419,price_from_eur
MODIFIED,4407,2642-CRD LUX,LUX028,price_from_eur
MODIFIED,4408,2640-CRD N,AR497,price_from_eur
MODIFIED,4409,2638-KEN W,WP852,price_from_eur
MODIFIED,4410,2634-NRO W,WP853,price_from_eur
MODIFIED,4411,2635-SOL EL,EL420,price_from_eur
MODIFIED,4412,2636-YZLO W,WP854,price_from_eur
MODIFIED,4413,2639-TRU W,WP855,price_from_eur
MODIFIED,4414,2631-TMFO N,AR498,price_from_eur
MODIFIED,4415,2628-PEN N,AR499,price_from_eur
MODIFIED,4416,2629-PEN N,AR500,price_from_eur
MODIFIED,4417,2632-BDIK N,AR501,price_from_eur
MODIFIED,4418,2610-JUL EL,EL421,price_from_eur
MODIFIED,4419,2605-ARM EL,EL422,price_from_eur
MODIFIED,4420,2609-TMFO EL,EL423,price_from_eur
MODIFIED,4421,2608-KIL N,AR502,price_from_eur
MODIFIED,4422,2627-LTN N,AR503,price_from_eur
MODIFIED,4423,2630-SOS N,AR504,price_from_eur
MODIFIED,4424,2641-LAT EL,EL424,price_from_eur
MODIFIED,4425,2598-GLO W,WP856,price_from_eur
MODIFIED,4426,2599-ACQ M,MP386,price_from_eur
MODIFIED,4428,2612-LUS EL,EL425,price_from_eur
MODIFIED,4429,2613-SOS N,AR505,price_from_eur
MODIFIED,4430,2611-KAY EL,EL426,price_from_eur
MODIFIED,4431,2633-KUR N,AR506,price_from_eur
MODIFIED,4432,2625-GUR N,AR507,price_from_eur
MODIFIED,4433,2626-JOM EL,EL427,price_from_eur
MODIFIED,4434,2624-BLG LUX,LUX029,price_from_eur
MODIFIED,4435,2614-AMG LUX,LUX030,price_from_eur
MODIFIED,4436,2623-NES EL,EL428,price_from_eur
MODIFIED,4438,2647-LTN N,AR508,price_from_eur
MODIFIED,4443,2620-CHAR EL,EL429,price_from_eur
MODIFIED,4444,2649-BORN EL,EL430,price_from_eur
MODIFIED,4478,2621-CHAR N,AR509,price_from_eur
MODIFIED,4479,2622-PHL N,AR510,price_from_eur
MODIFIED,4480,2617-DOL M,MP387,price_from_eur
MODIFIED,4481,2619-DRC M,MP388,price_from_eur
MODIFIED,4482,2616-TMU W,WP857,price_from_eur
MODIFIED,4483,2658-CHA LUX,LUX031,price_from_eur
MODIFIED,4484,2648-FUGA EL,EL431,price_from_eur
MODIFIED,4485,2615-ARMA N,AR511,price_from_eur
MODIFIED,4486,2458-LTN EL,EL432,price_from_eur
MODIFIED,4487,2643-LEL N,AR512,price_from_eur
MODIFIED,4488,2644-PAZZ N,AR513,price_from_eur
MODIFIED,4489,2645-LTN N,AR514,price_from_eur
MODIFIED,4490,2646-PEN N,AR515,price_from_eur
MODIFIED,4491,2637-HARM EL,EL433,price_from_eur
MODIFIED,4492,1145-GUC MP,MP389,price_from_eur
MODIFIED,4517,2653-YZLO W,WP858,price_from_eur
MODIFIED,4518,2654-KUR N,AR516,price_from_eur
MODIFIED,4519,2655-MNT N,AR517,price_from_eur
MODIFIED,4520,2656-LAN W,WP859,price_from_eur
MODIFIED,4521,2657-CRD N,AR518,price_from_eur
MODIFIED,4522,2659-MNT N,AR519,price_from_eur
MODIFIED,4523,2670-CRD N,AR520,price_from_eur
MODIFIED,4524,2671-KIL N,AR521,price_from_eur
MODIFIED,4525,2672-MEM LUX,LUX032,price_from_eur
MODIFIED,4526,2673-ARB N,AR522,price_from_eur
MODIFIED,4527,2674-MICA N,AR523,price_from_eur
MODIFIED,4528,2618-TMFO LUX,LUX033,price_from_eur
MODIFIED,4539,2678-PARF N,AR524,price_from_eur
MODIFIED,4579,2679-CAR W,WP860,price_from_eur
MODIFIED,4590,2680-AMG N,AR525,price_from_eur
MODIFIED,4591,2681-ARB N,AR526,price_from_eur
MODIFIED,4592,2682-BDIK N,AR527,price_from_eur
MODIFIED,4593,2683-CLIV LUX,LUX034,price_from_eur
MODIFIED,4623,1654-ACQ MP,MP390,price_from_eur
MODIFIED,4637,2684-CLIV N,AR528,price_from_eur
MODIFIED,4638,2685-FRAG N,AR529,price_from_eur
MODIFIED,4639,2686-GIV W,WP861,price_from_eur
MODIFIED,4640,2701-DIP EL,EL434,price_from_eur
MODIFIED,4642,2702-DIP EL,EL435,price_from_eur
MODIFIED,4644,2687-GRIT N,AR530,price_from_eur
MODIFIED,4645,2697-RIT EL,EL436,price_from_eur
MODIFIED,4646,2699-RIT EL,EL437,price_from_eur
MODIFIED,4647,2690-NISH N,AR531,price_from_eur
MODIFIED,4648,2689-LAT EL,EL438,price_from_eur
MODIFIED,4649,2696-AMG N,AR532,price_from_eur
MODIFIED,4650,2700-BLG N,AR533,price_from_eur
MODIFIED,4651,2691-SOL EL,EL439,price_from_eur
MODIFIED,4652,2693-SOL EL,EL440,price_from_eur
MODIFIED,4653,2692-SOL EL,EL441,price_from_eur
MODIFIED,4654,2698-SOL EL,EL442,price_from_eur
MODIFIED,4655,2694-STE N,AR534,price_from_eur
MODIFIED,4656,2695-STE N,AR535,price_from_eur
MODIFIED,4670,2688-KAY EL,EL443,price_from_eur
MODIFIED,4745,2662-LAT N,AR536,price_from_eur
MODIFIED,4746,2663-ARM MP,MP391,price_from_eur
MODIFIED,4748,2664-CHA W,WP862,price_from_eur
MODIFIED,4749,2665-KAJ LUX,LUX035,price_from_eur
MODIFIED,4750,2666-CELI N,AR537,price_from_eur
MODIFIED,4751,2667-CHAB EL,EL444,price_from_eur
MODIFIED,4752,2668-LEL N,AR538,price_from_eur
MODIFIED,4753,2669-SOS N,AR539,price_from_eur
MODIFIED,4754,2703-VER MP,MP392,price_from_eur
MODIFIED,4755,2704-GUR N,AR540,price_from_eur
MODIFIED,4770,2706-LUS EL,EL446,price_from_eur
MODIFIED,4771,2707-ROOM EL,EL447,price_from_eur
MODIFIED,4772,2708-BORN N,AR541,price_from_eur
MODIFIED,4773,2709-STE LUX,LUX036,price_from_eur
MODIFIED,4774,2711-CLIV N,AR542,price_from_eur
MODIFIED,4775,2712-TMFO N,AR543,price_from_eur
MODIFIED,4776,2713-KAY EL,EL448,price_from_eur
MODIFIED,4777,2715-CRD LUX,LUX037,price_from_eur
MODIFIED,4778,2716-ORT N,AR544,price_from_eur
MODIFIED,4779,2717-EXN N,AR545,price_from_eur
MODIFIED,4780,2718-GUR N,AR546,price_from_eur
MODIFIED,4781,2719-FRAG N,AR547,price_from_eur
MODIFIED,4782,2720-ROJ N,AR548,price_from_eur
MODIFIED,4783,2721-STE N,AR549,price_from_eur
MODIFIED,4784,2722-CRIVEL N,AR550,price_from_eur
MODIFIED,4785,2723-LTN N,AR551,price_from_eur
MODIFIED,4786,2724-GUR N,AR552,price_from_eur
MODIFIED,4787,2725-CELI N,AR553,price_from_eur
MODIFIED,4789,2728-PEN N,AR555,price_from_eur
MODIFIED,4790,2729-AMG N,AR556,price_from_eur
MODIFIED,4820,2726-DRC,EL449,price_from_eur
MODIFIED,4821,196-BELLA,EL002,price_from_eur
MODIFIED,4822,215-CRD,EL018,price_from_eur
MODIFIED,4823,199-CARO,EL005,price_from_eur
MODIFIED,4832,2733-LES N,AR557,price_from_eur
MODIFIED,4833,2734-ELIZ W,WP863,price_from_eur
MODIFIED,4835,2736-NAV,EL450,price_from_eur
MODIFIED,4836,2737-BORN N,AR558,price_from_eur
MODIFIED,4837,2738-LUS N,AR559,price_from_eur
MODIFIED,4838,2739-BORN N,AR560,price_from_eur
MODIFIED,4839,2740-MIN N,AR561,price_from_eur
MODIFIED,4840,2741-ROJ N,AR562,price_from_eur
MODIFIED,4841,2742-XER N,AR563,price_from_eur
MODIFIED,4842,2743-BORN N,AR564,price_from_eur
MODIFIED,4844,2747-XER N,AR566,price_from_eur
MODIFIED,4845,2746-DRC MP,MP394,price_from_eur
MODIFIED,4846,2748-BORN N,AR567,price_from_eur
MODIFIED,4847,2750-NISH N,AR568,price_from_eur
MODIFIED,4848,2751-PRA MP,MP395,price_from_eur
MODIFIED,4869,2714-BORN N,AR569,price_from_eur
MODIFIED,4961,2752-SAB W,WP864,price_from_eur
MODIFIED,4962,2753-YZLO W,WP865,price_from_eur
MODIFIED,4963,2754-CHL W,WP866,price_from_eur
MODIFIED,4964,2755-ZEG MP,MP396,price_from_eur
MODIFIED,4965,2757-LAT,EL451,price_from_eur
MODIFIED,4966,2760-LAT,EL452,price_from_eur
MODIFIED,4967,2761-LAT,EL453,price_from_eur
MODIFIED,4968,2762-LAT,EL454,price_from_eur
MODIFIED,4969,2763-KAY,EL455,price_from_eur
MODIFIED,4970,2758-YZLO W,WP867,price_from_eur
MODIFIED,4971,2759-ARM W,WP868,price_from_eur
MODIFIED,4972,2730-ARA W,WP869,price_from_eur
MODIFIED,4973,2731-BYRP N,AR570,price_from_eur
MODIFIED,4974,2732-GIV MP,MP397,price_from_eur
MODIFIED,4991,2764-TMFO,EL456,price_from_eur
MODIFIED,4992,2765-GUC N,AR571,price_from_eur
MODIFIED,4993,2766-PARF N,AR572,price_from_eur
MODIFIED,4994,2767-MATAH N,AR573,price_from_eur
MODIFIED,4995,2768-LAN W,WP870,price_from_eur
MODIFIED,5003,2744-NISH LUX,LUX038,price_from_eur
MODIFIED,5011,2772-DOL MP,MP398,price_from_eur
MODIFIED,5012,2770-DOL,EL457,price_from_eur
MODIFIED,5013,2771-GUR N,AR574,price_from_eur
MODIFIED,5014,2773-RIT,EL458,price_from_eur
MODIFIED,5015,2774-MIL,EL459,price_from_eur
MODIFIED,5016,2775-BOT MP,MP399,price_from_eur
MODIFIED,5017,2776-CELI N,AR575,price_from_eur
MODIFIED,5018,2777-GUR LUX,LUX039,price_from_eur
MODIFIED,5019,2778-JOM,EL460,price_from_eur
MODIFIED,5020,2780-LAT,EL461,price_from_eur
MODIFIED,5025,2705-KIL N,AR576,price_from_eur
MODIFIED,5049,2797-MATIE LUX,LUX040,price_from_eur
MODIFIED,5050,2782-AJMA N,AR577,price_from_eur
MODIFIED,5051,2783-LTN N,AR578,price_from_eur
MODIFIED,5052,2784-MARG N,AR579,price_from_eur
MODIFIED,5053,2785-VAL W,WP871,price_from_eur
MODIFIED,5054,2786-LTN N,AR580,price_from_eur
MODIFIED,5055,2787-KAJ N,AR581,price_from_eur
MODIFIED,5056,2788-MIN N,AR582,price_from_eur
MODIFIED,5057,2606-ARM W,WP872,price_from_eur
MODIFIED,5058,2789-PEN N,AR583,price_from_eur
MODIFIED,5059,2790-KIL N,AR584,price_from_eur
MODIFIED,5060,2791-LTN N,AR585,price_from_eur
MODIFIED,5061,2792-AJMA N,AR586,price_from_eur
MODIFIED,5062,2793-FRAG N,AR587,price_from_eur
MODIFIED,5063,2794-PAC W,WP873,price_from_eur
MODIFIED,5064,2795-AMG N,AR588,price_from_eur
MODIFIED,5065,2798-NICO N,AR589,price_from_eur
MODIFIED,5066,2799-OBVI N,AR590,price_from_eur
MODIFIED,5067,2800-ACQ N,AR591,price_from_eur
MODIFIED,5068,2801-DON W,WP874,price_from_eur
MODIFIED,5069,2802-HER MP,MP400,price_from_eur
MODIFIED,5070,2803-AKR,EL462,price_from_eur
MODIFIED,5071,2804-BOYS,EL463,price_from_eur
MODIFIED,5072,2805-MARG,EL464,price_from_eur
MODIFIED,5073,2806-PHL N,AR592,price_from_eur
MODIFIED,5074,2807-VIRT N,AR593,price_from_eur
MODIFIED,5075,2808-LES N,AR594,price_from_eur
MODIFIED,5076,2809-AZZ MP,MP401,price_from_eur
MODIFIED,5077,2810-MIN N,AR595,price_from_eur
MODIFIED,5078,2811-DRC MP,MP402,price_from_eur
MODIFIED,5079,2812-ARM MP,MP403,price_from_eur
MODIFIED,5080,2813-OMA N,AR596,price_from_eur
MODIFIED,5081,2814-TMFO N,AR597,price_from_eur
MODIFIED,5082,2815-DOL W,WP875,price_from_eur
MODIFIED,5083,2816-MOOD,EL465,price_from_eur
MODIFIED,5084,2817-INI LUX,LUX041,price_from_eur
MODIFIED,5085,2818-SWISA N,AR598,price_from_eur
MODIFIED,5086,2819-AKR,EL466,price_from_eur
MODIFIED,5087,2820-MIN N,AR599,price_from_eur
MODIFIED,5088,2821-DRC W,WP876,price_from_eur
MODIFIED,5089,2822-DRC W,WP877,price_from_eur
MODIFIED,5090,2823-KAY,EL467,price_from_eur
MODIFIED,5091,2824-NRO W,WP878,price_from_eur
MODIFIED,5092,2825-RARB,EL468,price_from_eur
MODIFIED,5093,2826-SOL,EL469,price_from_eur
MODIFIED,5094,2827-BYR N,AR600,price_from_eur
MODIFIED,5095,2828-ATEL N,AR601,price_from_eur
MODIFIED,5096,2829-PARF N,AR602,price_from_eur
MODIFIED,5097,2830-VAL,EL470,price_from_eur
MODIFIED,5098,2831-GISS,EL471,price_from_eur
MODIFIED,5099,2832-ZAD W,WP879,price_from_eur
MODIFIED,5101,2833-AMG N,AR603,price_from_eur
MODIFIED,5102,2834-AMG N,AR604,price_from_eur
MODIFIED,5103,2835-BORN N,AR605,price_from_eur
MODIFIED,5104,2836-FRA N,AR606,price_from_eur
MODIFIED,5105,2837-GUL MP,MP404,price_from_eur
MODIFIED,5106,2838-JIM W,WP880,price_from_eur
MODIFIED,5107,2839-JUL N,AR607,price_from_eur
MODIFIED,5108,2840-KYLJ W,WP881,price_from_eur
MODIFIED,5109,2841-KYLJ W,WP882,price_from_eur
MODIFIED,5110,2842-KYLJ W,WP883,price_from_eur
MODIFIED,5111,2843-LEL N,AR608,price_from_eur
MODIFIED,5112,2844-LUS,EL472,price_from_eur
MODIFIED,5113,2845-LUS,EL473,price_from_eur
MODIFIED,5114,2846-MIN N,AR609,price_from_eur
MODIFIED,5115,2847-NISH N,AR610,price_from_eur
MODIFIED,5116,2848-PRFRO N,AR611,price_from_eur
MODIFIED,5117,2849-STE N,AR612,price_from_eur
